﻿#,"REDCap MLM"
#,"v13.10.5"
#,"2023-10-25 12:22:27"
#,"How to use this file: Any information above the column title row is purely informational and will be ignored during import. The column title row must remain intact, i.e. the row 'section,type,name,index,kind,text' (the delimiter can be either comma, as shown, or semicolon or tab) and be the first non-empty line that is not staring with # (denoting comments). The essential lines are those with 'translation' or 'value' in the 'kind' column. In these lines, the translation (or value) in the 'text' column can be edited. All other lines (except the 'hash' kind. see below) are ignored when the file is imported. Do not change the contents of the 'section', 'type', 'name', 'index', and 'kind' columns at all. Furthermore, subsets of this file can be created and used at will, as long as the rules layed out above are observed. The 'hash'-kind rows are not essential, but assist in tracking if a default value has changed since the file was created, and thus a translation may be out of date. During an import operation, a best-effort approach is taken. Any items that cannot be matched during import will be silently ignored. Thus, a cross-project import of field translations would only work for fields of the same name."
#,
section,type,name,index,kind,text
lang,info,key,,value,"es"
lang,info,display,,value,"Español"
lang,info,rtl,,value,0
lang,info,sort,,value,""
uiTranslations,,survey_1130,,translation,""
uiTranslations,,survey_1130,,hash,"60159a"
uiTranslations,,survey_1129,,translation,""
uiTranslations,,survey_1129,,hash,"afd9c7"
uiTranslations,,multilang_02,,translation,""
uiTranslations,,multilang_02,,hash,"789b14"
uiTranslations,,multilang_647,,translation,""
uiTranslations,,multilang_647,,hash,"d7982d"
uiTranslations,,data_entry_540,,translation,""
uiTranslations,,data_entry_540,,hash,"2a9fc8"
uiTranslations,,design_08,,translation,""
uiTranslations,,design_08,,hash,"049ac8"
uiTranslations,,survey_1347,,translation,""
uiTranslations,,survey_1347,,hash,"c10e74"
uiTranslations,,survey_1559,,translation,""
uiTranslations,,survey_1559,,hash,"5d2715"
uiTranslations,,data_entry_536,,translation,"&#x2714;"
uiTranslations,,data_entry_536,,hash,"50d9cd"
uiTranslations,,data_entry_537,,translation,"<<"
uiTranslations,,data_entry_537,,hash,"77fa60"
uiTranslations,,survey_200,,translation,""
uiTranslations,,survey_200,,hash,"2dacf6"
uiTranslations,,form_renderer_19,,translation,""
uiTranslations,,form_renderer_19,,hash,"9869e5"
uiTranslations,,form_renderer_20,,translation,""
uiTranslations,,form_renderer_20,,hash,"91ef0c"
uiTranslations,,data_entry_39,,translation,""
uiTranslations,,data_entry_39,,hash,"569a50"
uiTranslations,,form_renderer_66,,translation,""
uiTranslations,,form_renderer_66,,hash,"f0e255"
uiTranslations,,calendar_popup_01,,translation,""
uiTranslations,,calendar_popup_01,,hash,"bbfa77"
uiTranslations,,global_53,,translation,""
uiTranslations,,global_53,,hash,"77dfd2"
uiTranslations,,design_654,,translation,""
uiTranslations,,design_654,,hash,"04a212"
uiTranslations,,alerts_24,,translation,""
uiTranslations,,alerts_24,,hash,"b96968"
uiTranslations,,global_01,,translation,""
uiTranslations,,global_01,,hash,"0b99ce"
uiTranslations,,global_03,,translation,""
uiTranslations,,global_03,,hash,"fe7187"
uiTranslations,,global_64,,translation,""
uiTranslations,,global_64,,hash,"bf8e4d"
uiTranslations,,survey_1241,,translation,""
uiTranslations,,survey_1241,,hash,"844b01"
uiTranslations,,global_47,,translation,""
uiTranslations,,global_47,,hash,"175835"
uiTranslations,,scheduling_35,,translation,""
uiTranslations,,scheduling_35,,hash,"5b221e"
uiTranslations,,system_config_623,,translation,""
uiTranslations,,system_config_623,,hash,"1c05e1"
uiTranslations,,global_143,,translation,""
uiTranslations,,global_143,,hash,"b2bc0c"
uiTranslations,,global_144,,translation,""
uiTranslations,,global_144,,hash,"1b927d"
uiTranslations,,data_entry_203,,translation,""
uiTranslations,,data_entry_203,,hash,"98e2bd"
uiTranslations,,data_entry_602,,translation,""
uiTranslations,,data_entry_602,,hash,"cb4282"
uiTranslations,,docs_1101,,translation,""
uiTranslations,,docs_1101,,hash,"2bff24"
uiTranslations,,survey_1140,,translation,""
uiTranslations,,survey_1140,,hash,"0e7629"
uiTranslations,,form_renderer_22,,translation,""
uiTranslations,,form_renderer_22,,hash,"4c4a2e"
uiTranslations,,global_125,,translation,""
uiTranslations,,global_125,,hash,"fb91e2"
uiTranslations,,data_entry_260,,translation,""
uiTranslations,,data_entry_260,,hash,"c525db"
uiTranslations,,data_entry_404,,translation,""
uiTranslations,,data_entry_404,,hash,"86eeda"
uiTranslations,,data_entry_403,,translation,""
uiTranslations,,data_entry_403,,hash,"9a6e34"
uiTranslations,,data_entry_518,,translation,""
uiTranslations,,data_entry_518,,hash,"392a1c"
uiTranslations,,data_entry_412,,translation,""
uiTranslations,,data_entry_412,,hash,"4e2eed"
uiTranslations,,data_entry_417,,translation,""
uiTranslations,,data_entry_417,,hash,"5deca4"
uiTranslations,,design_100,,translation,""
uiTranslations,,design_100,,hash,"5397e0"
uiTranslations,,design_99,,translation,""
uiTranslations,,design_99,,hash,"816c52"
uiTranslations,,design_186,,translation,""
uiTranslations,,design_186,,hash,"88b33e"
uiTranslations,,design_187,,translation,""
uiTranslations,,design_187,,hash,"97cdbd"
uiTranslations,,data_entry_444,,translation,""
uiTranslations,,data_entry_444,,hash,"afec1f"
uiTranslations,,design_722,,translation,""
uiTranslations,,design_722,,hash,"59ea65"
uiTranslations,,design_721,,translation,""
uiTranslations,,design_721,,hash,"7be881"
uiTranslations,,survey_1142,,translation,""
uiTranslations,,survey_1142,,hash,"104c2b"
uiTranslations,,survey_1143,,translation,""
uiTranslations,,survey_1143,,hash,"2ec125"
uiTranslations,,survey_1144,,translation,""
uiTranslations,,survey_1144,,hash,"81a1ba"
uiTranslations,,data_entry_609,,translation,""
uiTranslations,,data_entry_609,,hash,"0c6662"
uiTranslations,,dashboard_32,,translation,""
uiTranslations,,dashboard_32,,hash,"24345a"
uiTranslations,,calendar_widget_choosedatehint,,translation,""
uiTranslations,,calendar_widget_choosedatehint,,hash,"b2fbd5"
uiTranslations,,calendar_widget_done,,translation,""
uiTranslations,,calendar_widget_done,,hash,"e9b450"
uiTranslations,,calendar_widget_prev,,translation,""
uiTranslations,,calendar_widget_prev,,hash,"e96fea"
uiTranslations,,calendar_widget_next,,translation,""
uiTranslations,,calendar_widget_next,,hash,"bc9819"
uiTranslations,,form_renderer_29,,translation,""
uiTranslations,,form_renderer_29,,hash,"e3b820"
uiTranslations,,calendar_widget_choosedatetimehint,,translation,""
uiTranslations,,calendar_widget_choosedatetimehint,,hash,"b9a0d0"
uiTranslations,,calendar_widget_choosetime,,translation,""
uiTranslations,,calendar_widget_choosetime,,hash,"d39ba9"
uiTranslations,,global_13,,translation,""
uiTranslations,,global_13,,hash,"6c82e6"
uiTranslations,,calendar_widget_hour,,translation,""
uiTranslations,,calendar_widget_hour,,hash,"c37cf8"
uiTranslations,,calendar_widget_min,,translation,""
uiTranslations,,calendar_widget_min,,hash,"c1335d"
uiTranslations,,calendar_widget_choosetimehint,,translation,""
uiTranslations,,calendar_widget_choosetimehint,,hash,"c8504d"
uiTranslations,,calendar_widget_month_day_long_sun,,translation,""
uiTranslations,,calendar_widget_month_day_long_sun,,hash,"bc5dd0"
uiTranslations,,calendar_widget_month_day_short_sun,,translation,""
uiTranslations,,calendar_widget_month_day_short_sun,,hash,"25bfc5"
uiTranslations,,calendar_widget_month_day_long_mon,,translation,""
uiTranslations,,calendar_widget_month_day_long_mon,,hash,"932eeb"
uiTranslations,,calendar_widget_month_day_short_mon,,translation,""
uiTranslations,,calendar_widget_month_day_short_mon,,hash,"91e885"
uiTranslations,,calendar_widget_month_day_long_tues,,translation,""
uiTranslations,,calendar_widget_month_day_long_tues,,hash,"42e43b"
uiTranslations,,calendar_widget_month_day_short_tues,,translation,""
uiTranslations,,calendar_widget_month_day_short_tues,,hash,"b44892"
uiTranslations,,calendar_widget_month_day_long_wed,,translation,""
uiTranslations,,calendar_widget_month_day_long_wed,,hash,"5656b9"
uiTranslations,,calendar_widget_month_day_short_wed,,translation,""
uiTranslations,,calendar_widget_month_day_short_wed,,hash,"a24ae9"
uiTranslations,,calendar_widget_month_day_long_thurs,,translation,""
uiTranslations,,calendar_widget_month_day_long_thurs,,hash,"76031d"
uiTranslations,,calendar_widget_month_day_short_thurs,,translation,""
uiTranslations,,calendar_widget_month_day_short_thurs,,hash,"6929e7"
uiTranslations,,calendar_widget_month_day_long_fri,,translation,""
uiTranslations,,calendar_widget_month_day_long_fri,,hash,"d166e8"
uiTranslations,,calendar_widget_month_day_short_fri,,translation,""
uiTranslations,,calendar_widget_month_day_short_fri,,hash,"aa77f3"
uiTranslations,,calendar_widget_month_day_long_sat,,translation,""
uiTranslations,,calendar_widget_month_day_long_sat,,hash,"17063c"
uiTranslations,,calendar_widget_month_day_short_sat,,translation,""
uiTranslations,,calendar_widget_month_day_short_sat,,hash,"50cf95"
uiTranslations,,calendar_widget_month_jan,,translation,""
uiTranslations,,calendar_widget_month_jan,,hash,"efed36"
uiTranslations,,calendar_widget_month_feb,,translation,""
uiTranslations,,calendar_widget_month_feb,,hash,"dc8415"
uiTranslations,,calendar_widget_month_mar,,translation,""
uiTranslations,,calendar_widget_month_mar,,hash,"c4ba08"
uiTranslations,,calendar_widget_month_apr,,translation,""
uiTranslations,,calendar_widget_month_apr,,hash,"befde5"
uiTranslations,,calendar_widget_month_may,,translation,""
uiTranslations,,calendar_widget_month_may,,hash,"c94f47"
uiTranslations,,calendar_widget_month_jun,,translation,""
uiTranslations,,calendar_widget_month_jun,,hash,"6d90df"
uiTranslations,,calendar_widget_month_jul,,translation,""
uiTranslations,,calendar_widget_month_jul,,hash,"b73755"
uiTranslations,,calendar_widget_month_aug,,translation,""
uiTranslations,,calendar_widget_month_aug,,hash,"75629a"
uiTranslations,,calendar_widget_month_sep,,translation,""
uiTranslations,,calendar_widget_month_sep,,hash,"fdd289"
uiTranslations,,calendar_widget_month_oct,,translation,""
uiTranslations,,calendar_widget_month_oct,,hash,"51327a"
uiTranslations,,calendar_widget_month_nov,,translation,""
uiTranslations,,calendar_widget_month_nov,,hash,"bb9bfe"
uiTranslations,,calendar_widget_month_dec,,translation,""
uiTranslations,,calendar_widget_month_dec,,hash,"997f59"
uiTranslations,,multilang_108,,translation,""
uiTranslations,,multilang_108,,hash,"ac197c"
uiTranslations,,multilang_109,,translation,""
uiTranslations,,multilang_109,,hash,"6793fb"
uiTranslations,,multilang_110,,translation,""
uiTranslations,,multilang_110,,hash,"e195c3"
uiTranslations,,multilang_111,,translation,""
uiTranslations,,multilang_111,,hash,"7da40f"
uiTranslations,,multilang_112,,translation,""
uiTranslations,,multilang_112,,hash,"d97ee0"
uiTranslations,,multilang_113,,translation,""
uiTranslations,,multilang_113,,hash,"1b9d0b"
uiTranslations,,multilang_114,,translation,""
uiTranslations,,multilang_114,,hash,"40f54f"
uiTranslations,,multilang_115,,translation,""
uiTranslations,,multilang_115,,hash,"fb2891"
uiTranslations,,multilang_116,,translation,""
uiTranslations,,multilang_116,,hash,"982a88"
uiTranslations,,multilang_117,,translation,""
uiTranslations,,multilang_117,,hash,"ab1d01"
uiTranslations,,form_renderer_23,,translation,""
uiTranslations,,form_renderer_23,,hash,"503a3d"
uiTranslations,,data_entry_459,,translation,""
uiTranslations,,data_entry_459,,hash,"e8f501"
uiTranslations,,form_renderer_24,,translation,""
uiTranslations,,form_renderer_24,,hash,"304b14"
uiTranslations,,form_renderer_25,,translation,""
uiTranslations,,form_renderer_25,,hash,"834936"
uiTranslations,,data_entry_468,,translation,""
uiTranslations,,data_entry_468,,hash,"8abf4c"
uiTranslations,,data_entry_62,,translation,""
uiTranslations,,data_entry_62,,hash,"c03b36"
uiTranslations,,survey_1146,,translation,""
uiTranslations,,survey_1146,,hash,"1f7b23"
uiTranslations,,form_renderer_47,,translation,""
uiTranslations,,form_renderer_47,,hash,"70ded5"
uiTranslations,,form_renderer_52,,translation,""
uiTranslations,,form_renderer_52,,hash,"1b77f5"
uiTranslations,,form_renderer_51,,translation,""
uiTranslations,,form_renderer_51,,hash,"fe83fa"
uiTranslations,,design_397,,translation,""
uiTranslations,,design_397,,hash,"11e9be"
uiTranslations,,form_renderer_59,,translation,""
uiTranslations,,form_renderer_59,,hash,"80bb63"
uiTranslations,,form_renderer_50,,translation,""
uiTranslations,,form_renderer_50,,hash,"c453bb"
uiTranslations,,data_entry_526,,translation,""
uiTranslations,,data_entry_526,,hash,"0b02d7"
uiTranslations,,data_entry_64,,translation,""
uiTranslations,,data_entry_64,,hash,"b04ba4"
uiTranslations,,data_entry_65,,translation,""
uiTranslations,,data_entry_65,,hash,"b92d2e"
uiTranslations,,data_entry_455,,translation,""
uiTranslations,,data_entry_455,,hash,"bf0560"
uiTranslations,,data_entry_454,,translation,""
uiTranslations,,data_entry_454,,hash,"ab5887"
uiTranslations,,data_entry_453,,translation,""
uiTranslations,,data_entry_453,,hash,"c406c5"
uiTranslations,,data_entry_460,,translation,""
uiTranslations,,data_entry_460,,hash,"c20708"
uiTranslations,,data_entry_461,,translation,""
uiTranslations,,data_entry_461,,hash,"e05678"
uiTranslations,,form_renderer_26,,translation,""
uiTranslations,,form_renderer_26,,hash,"431502"
uiTranslations,,form_renderer_48,,translation,""
uiTranslations,,form_renderer_48,,hash,"5d544f"
uiTranslations,,form_renderer_49,,translation,""
uiTranslations,,form_renderer_49,,hash,"6e9143"
uiTranslations,,form_renderer_44,,translation,""
uiTranslations,,form_renderer_44,,hash,"f7e167"
uiTranslations,,form_renderer_45,,translation,""
uiTranslations,,form_renderer_45,,hash,"6871de"
uiTranslations,,form_renderer_57,,translation,""
uiTranslations,,form_renderer_57,,hash,"b676ef"
uiTranslations,,form_renderer_58,,translation,""
uiTranslations,,form_renderer_58,,hash,"fa61cc"
uiTranslations,,form_renderer_60,,translation,""
uiTranslations,,form_renderer_60,,hash,"01ff24"
uiTranslations,,dataqueries_160,,translation,""
uiTranslations,,dataqueries_160,,hash,"e0efa5"
uiTranslations,,data_export_tool_248,,translation,""
uiTranslations,,data_export_tool_248,,hash,"547d60"
uiTranslations,,survey_1147,,translation,""
uiTranslations,,survey_1147,,hash,"2f32be"
uiTranslations,,form_renderer_31,,translation,""
uiTranslations,,form_renderer_31,,hash,"780837"
uiTranslations,,form_renderer_43,,translation,""
uiTranslations,,form_renderer_43,,hash,"f58b18"
uiTranslations,,form_renderer_30,,translation,""
uiTranslations,,form_renderer_30,,hash,"a08930"
uiTranslations,,form_renderer_46,,translation,""
uiTranslations,,form_renderer_46,,hash,"e50a04"
uiTranslations,,form_renderer_63,,translation,""
uiTranslations,,form_renderer_63,,hash,"9d887b"
uiTranslations,,form_renderer_64,,translation,""
uiTranslations,,form_renderer_64,,hash,"8783ec"
uiTranslations,,design_205,,translation,""
uiTranslations,,design_205,,hash,"4297fa"
uiTranslations,,global_290,,translation,""
uiTranslations,,global_290,,hash,"a7efab"
uiTranslations,,data_entry_610,,translation,""
uiTranslations,,data_entry_610,,hash,"0c77ae"
uiTranslations,,design_204,,translation,""
uiTranslations,,design_204,,hash,"7c4a4c"
uiTranslations,,global_121,,translation,""
uiTranslations,,global_121,,hash,"bb44fb"
uiTranslations,,survey_1242,,translation,""
uiTranslations,,survey_1242,,hash,"ef8c96"
uiTranslations,,survey_1243,,translation,""
uiTranslations,,survey_1243,,hash,"11eda4"
uiTranslations,,survey_1244,,translation,""
uiTranslations,,survey_1244,,hash,"b0a086"
uiTranslations,,email_users_36,,translation,""
uiTranslations,,email_users_36,,hash,"e81b32"
uiTranslations,,email_users_37,,translation,""
uiTranslations,,email_users_37,,hash,"cc2e1e"
uiTranslations,,email_users_38,,translation,""
uiTranslations,,email_users_38,,hash,"24cda8"
uiTranslations,,email_users_39,,translation,""
uiTranslations,,email_users_39,,hash,"e79dbf"
uiTranslations,,global_234,,translation,""
uiTranslations,,global_234,,hash,"3e4c33"
uiTranslations,,email_users_99,,translation,""
uiTranslations,,email_users_99,,hash,"1d59ca"
uiTranslations,,email_users_100,,translation,""
uiTranslations,,email_users_100,,hash,"520a77"
uiTranslations,,email_users_40,,translation,""
uiTranslations,,email_users_40,,hash,"630489"
uiTranslations,,email_users_47,,translation,""
uiTranslations,,email_users_47,,hash,"236577"
uiTranslations,,email_users_46,,translation,""
uiTranslations,,email_users_46,,hash,"f896e7"
uiTranslations,,email_users_42,,translation,""
uiTranslations,,email_users_42,,hash,"3f2ca5"
uiTranslations,,email_users_45,,translation,""
uiTranslations,,email_users_45,,hash,"e30bb8"
uiTranslations,,email_users_44,,translation,""
uiTranslations,,email_users_44,,hash,"f143d6"
uiTranslations,,email_users_82,,translation,""
uiTranslations,,email_users_82,,hash,"0668ee"
uiTranslations,,email_users_101,,translation,""
uiTranslations,,email_users_101,,hash,"ab45ae"
uiTranslations,,email_users_43,,translation,""
uiTranslations,,email_users_43,,hash,"32aefb"
uiTranslations,,email_users_41,,translation,""
uiTranslations,,email_users_41,,hash,"3e910b"
uiTranslations,,email_users_50,,translation,""
uiTranslations,,email_users_50,,hash,"0d8b43"
uiTranslations,,email_users_35,,translation,""
uiTranslations,,email_users_35,,hash,"995ff4"
uiTranslations,,global_37,,translation,""
uiTranslations,,global_37,,hash,"c4d63e"
uiTranslations,,global_38,,translation,""
uiTranslations,,global_38,,hash,"7e7fbc"
uiTranslations,,alerts_128,,translation,""
uiTranslations,,alerts_128,,hash,"6771ad"
uiTranslations,,email_users_48,,translation,""
uiTranslations,,email_users_48,,hash,"9dc994"
uiTranslations,,email_users_49,,translation,""
uiTranslations,,email_users_49,,hash,"afdb07"
uiTranslations,,ws_176,,translation,""
uiTranslations,,ws_176,,hash,"a7f8e7"
uiTranslations,,ws_177,,translation,""
uiTranslations,,ws_177,,hash,"abff00"
uiTranslations,,ws_178,,translation,""
uiTranslations,,ws_178,,hash,"dcd75e"
uiTranslations,,ws_179,,translation,""
uiTranslations,,ws_179,,hash,"41904c"
uiTranslations,,ws_180,,translation,""
uiTranslations,,ws_180,,hash,"cc4eac"
uiTranslations,,ws_181,,translation,""
uiTranslations,,ws_181,,hash,"cee338"
uiTranslations,,ws_182,,translation,""
uiTranslations,,ws_182,,hash,"7a0320"
uiTranslations,,ws_183,,translation,""
uiTranslations,,ws_183,,hash,"934453"
uiTranslations,,dataqueries_278,,translation,""
uiTranslations,,dataqueries_278,,hash,"a26c1b"
uiTranslations,,survey_111,,translation,""
uiTranslations,,survey_111,,hash,"32750e"
uiTranslations,,survey_1101,,translation,""
uiTranslations,,survey_1101,,hash,"e6b729"
uiTranslations,,survey_1105,,translation,""
uiTranslations,,survey_1105,,hash,"ab678d"
uiTranslations,,survey_1357,,translation,""
uiTranslations,,survey_1357,,hash,"a053df"
uiTranslations,,survey_1356,,translation,""
uiTranslations,,survey_1356,,hash,"f50efd"
uiTranslations,,survey_1097,,translation,""
uiTranslations,,survey_1097,,hash,"846e5e"
uiTranslations,,global_239,,translation,""
uiTranslations,,global_239,,hash,"17dfb0"
uiTranslations,,global_240,,translation,""
uiTranslations,,global_240,,hash,"be81ab"
uiTranslations,,survey_573,,translation,""
uiTranslations,,survey_573,,hash,"c60165"
uiTranslations,,survey_310,,translation,""
uiTranslations,,survey_310,,hash,"d029a5"
uiTranslations,,survey_574,,translation,""
uiTranslations,,survey_574,,hash,"1b4165"
uiTranslations,,survey_587,,translation,""
uiTranslations,,survey_587,,hash,"ec6ef7"
uiTranslations,,survey_1345,,translation,""
uiTranslations,,survey_1345,,hash,"891f00"
uiTranslations,,survey_578,,translation,""
uiTranslations,,survey_578,,hash,"5c7097"
uiTranslations,,survey_594,,translation,""
uiTranslations,,survey_594,,hash,"3927be"
uiTranslations,,survey_1066,,translation,""
uiTranslations,,survey_1066,,hash,"8b9ac8"
uiTranslations,,survey_1343,,translation,""
uiTranslations,,survey_1343,,hash,"1a5ef0"
uiTranslations,,survey_1344,,translation,""
uiTranslations,,survey_1344,,hash,"8213c8"
uiTranslations,,survey_589,,translation,""
uiTranslations,,survey_589,,hash,"e6a84c"
uiTranslations,,global_05,,translation,""
uiTranslations,,global_05,,hash,"890fd0"
uiTranslations,,survey_1353,,translation,""
uiTranslations,,survey_1353,,hash,"ff486c"
uiTranslations,,config_functions_45,,translation,""
uiTranslations,,config_functions_45,,hash,"d527bf"
uiTranslations,,survey_675,,translation,""
uiTranslations,,survey_675,,hash,"797d6c"
uiTranslations,,data_entry_262,,translation,""
uiTranslations,,data_entry_262,,hash,"c39ce9"
uiTranslations,,survey_1365,,translation,""
uiTranslations,,survey_1365,,hash,"02431c"
uiTranslations,,global_237,,translation,""
uiTranslations,,global_237,,hash,"4f853c"
uiTranslations,,survey_1139,,translation,""
uiTranslations,,survey_1139,,hash,"6f5e9b"
uiTranslations,,design_121,,translation,""
uiTranslations,,design_121,,hash,"a479c9"
uiTranslations,,data_entry_535,,translation,""
uiTranslations,,data_entry_535,,hash,"dcd923"
uiTranslations,,data_entry_101,,translation,""
uiTranslations,,data_entry_101,,hash,"88bcc2"
uiTranslations,,survey_1169,,translation,""
uiTranslations,,survey_1169,,hash,"92b863"
uiTranslations,,survey_1171,,translation,""
uiTranslations,,survey_1171,,hash,"fd6775"
uiTranslations,,survey_1170,,translation,""
uiTranslations,,survey_1170,,hash,"69189e"
uiTranslations,,data_entry_428,,translation,""
uiTranslations,,data_entry_428,,hash,"9f4912"
uiTranslations,,data_entry_429,,translation,""
uiTranslations,,data_entry_429,,hash,"ee3fb1"
uiTranslations,,survey_1264,,translation,""
uiTranslations,,survey_1264,,hash,"975bad"
uiTranslations,,survey_1265,,translation,""
uiTranslations,,survey_1265,,hash,"12a611"
uiTranslations,,survey_1266,,translation,""
uiTranslations,,survey_1266,,hash,"70e406"
uiTranslations,,survey_1364,,translation,""
uiTranslations,,survey_1364,,hash,"2652d8"
uiTranslations,,survey_1341,,translation,""
uiTranslations,,survey_1341,,hash,"98e5ef"
uiTranslations,,survey_1366,,translation,""
uiTranslations,,survey_1366,,hash,"8b1c38"
uiTranslations,,data_entry_606,,translation,""
uiTranslations,,data_entry_606,,hash,"500ce4"
uiTranslations,,survey_1311,,translation,""
uiTranslations,,survey_1311,,hash,"b043da"
uiTranslations,,survey_1312,,translation,""
uiTranslations,,survey_1312,,hash,"7503e1"
uiTranslations,,data_entry_199,,translation,""
uiTranslations,,data_entry_199,,hash,"35b54c"
uiTranslations,,data_entry_265,,translation,""
uiTranslations,,data_entry_265,,hash,"eaa888"
uiTranslations,,survey_01,,translation,""
uiTranslations,,survey_01,,hash,"c03702"
uiTranslations,,survey_02,,translation,""
uiTranslations,,survey_02,,hash,"b1003f"
uiTranslations,,survey_1313,,translation,""
uiTranslations,,survey_1313,,hash,"7f835f"
uiTranslations,,survey_14,,translation,""
uiTranslations,,survey_14,,hash,"acfff2"
uiTranslations,,survey_997,,translation,""
uiTranslations,,survey_997,,hash,"dc8ba9"
uiTranslations,,survey_998,,translation,""
uiTranslations,,survey_998,,hash,"4d9652"
uiTranslations,,survey_163,,translation,""
uiTranslations,,survey_163,,hash,"d9d05c"
uiTranslations,,survey_162,,translation,""
uiTranslations,,survey_162,,hash,"92e393"
uiTranslations,,control_center_422,,translation,""
uiTranslations,,control_center_422,,hash,"dc3c6d"
uiTranslations,,survey_982,,translation,""
uiTranslations,,survey_982,,hash,"d57147"
uiTranslations,,survey_1131,,translation,""
uiTranslations,,survey_1131,,hash,"c869b4"
uiTranslations,,survey_619,,translation,""
uiTranslations,,survey_619,,hash,"385d32"
uiTranslations,,survey_642,,translation,""
uiTranslations,,survey_642,,hash,"a9c023"
uiTranslations,,survey_634,,translation,""
uiTranslations,,survey_634,,hash,"99e74d"
uiTranslations,,survey_1359,,translation,""
uiTranslations,,survey_1359,,hash,"5a6469"
uiTranslations,,data_entry_215,,translation,""
uiTranslations,,data_entry_215,,hash,"79db09"
uiTranslations,,survey_118,,translation,""
uiTranslations,,survey_118,,hash,"c40084"
uiTranslations,,survey_657,,translation,""
uiTranslations,,survey_657,,hash,"52b505"
uiTranslations,,survey_658,,translation,""
uiTranslations,,survey_658,,hash,"2c57d3"
uiTranslations,,survey_659,,translation,""
uiTranslations,,survey_659,,hash,"c0e978"
uiTranslations,,survey_112,,translation,""
uiTranslations,,survey_112,,hash,"48fbf6"
uiTranslations,,survey_1346,,translation,""
uiTranslations,,survey_1346,,hash,"256250"
uiTranslations,,survey_119,,translation,""
uiTranslations,,survey_119,,hash,"c19fa2"
uiTranslations,,survey_581,,translation,""
uiTranslations,,survey_581,,hash,"56e4d0"
uiTranslations,,survey_120,,translation,""
uiTranslations,,survey_120,,hash,"a2be3e"
uiTranslations,,data_entry_117,,translation,""
uiTranslations,,data_entry_117,,hash,"26e8b5"
uiTranslations,,survey_121,,translation,""
uiTranslations,,survey_121,,hash,"e5b44d"
uiTranslations,,survey_123,,translation,""
uiTranslations,,survey_123,,hash,"5c7187"
uiTranslations,,survey_124,,translation,""
uiTranslations,,survey_124,,hash,"2b1508"
uiTranslations,,survey_126,,translation,""
uiTranslations,,survey_126,,hash,"40a5ac"
uiTranslations,,survey_127,,translation,""
uiTranslations,,survey_127,,hash,"8ea502"
uiTranslations,,survey_1339,,translation,""
uiTranslations,,survey_1339,,hash,"ecd8a1"
uiTranslations,,survey_583,,translation,""
uiTranslations,,survey_583,,hash,"9f080d"
uiTranslations,,survey_1288,,translation,""
uiTranslations,,survey_1288,,hash,"13bebf"
uiTranslations,,survey_1358,,translation,""
uiTranslations,,survey_1358,,hash,"f427f7"
uiTranslations,,survey_582,,translation,""
uiTranslations,,survey_582,,hash,"7f6e4b"
uiTranslations,,survey_122,,translation,""
uiTranslations,,survey_122,,hash,"7e31b1"
uiTranslations,,survey_1354,,translation,""
uiTranslations,,survey_1354,,hash,"30a0b2"
uiTranslations,,survey_1355,,translation,""
uiTranslations,,survey_1355,,hash,"ac8008"
uiTranslations,,survey_22,,translation,""
uiTranslations,,survey_22,,hash,"61b800"
uiTranslations,,survey_1141,,translation,""
uiTranslations,,survey_1141,,hash,"5e6aa9"
uiTranslations,,survey_23,,translation,""
uiTranslations,,survey_23,,hash,"64310c"
uiTranslations,,survey_24,,translation,""
uiTranslations,,survey_24,,hash,"b7a279"
uiTranslations,,survey_25,,translation,""
uiTranslations,,survey_25,,hash,"51ea04"
uiTranslations,,survey_661,,translation,""
uiTranslations,,survey_661,,hash,"0473dc"
uiTranslations,,survey_641,,translation,""
uiTranslations,,survey_641,,hash,"ac8d8e"
uiTranslations,,survey_662,,translation,""
uiTranslations,,survey_662,,hash,"2cb384"
uiTranslations,,survey_110,,translation,""
uiTranslations,,survey_110,,hash,"30df1e"
uiTranslations,,survey_161,,translation,""
uiTranslations,,survey_161,,hash,"46d5c9"
uiTranslations,,survey_663,,translation,""
uiTranslations,,survey_663,,hash,"270206"
uiTranslations,,survey_674,,translation,""
uiTranslations,,survey_674,,hash,"fb8f98"
uiTranslations,,survey_1156,,translation,""
uiTranslations,,survey_1156,,hash,"5010ab"
uiTranslations,,survey_1155,,translation,""
uiTranslations,,survey_1155,,hash,"5319bc"
uiTranslations,,survey_144,,translation,""
uiTranslations,,survey_144,,hash,"35585e"
uiTranslations,,survey_141,,translation,""
uiTranslations,,survey_141,,hash,"5a8ccc"
uiTranslations,,survey_1360,,translation,""
uiTranslations,,survey_1360,,hash,"b587e4"
uiTranslations,,survey_584,,translation,""
uiTranslations,,survey_584,,hash,"3e928d"
uiTranslations,,survey_143,,translation,""
uiTranslations,,survey_143,,hash,"36c335"
uiTranslations,,survey_495,,translation,""
uiTranslations,,survey_495,,hash,"b2b711"
uiTranslations,,survey_135,,translation,""
uiTranslations,,survey_135,,hash,"f85d32"
uiTranslations,,survey_764,,translation,""
uiTranslations,,survey_764,,hash,"50ecf9"
uiTranslations,,survey_765,,translation,""
uiTranslations,,survey_765,,hash,"215927"
uiTranslations,,survey_515,,translation,""
uiTranslations,,survey_515,,hash,"122a38"
uiTranslations,,survey_766,,translation,""
uiTranslations,,survey_766,,hash,"0f23e1"
uiTranslations,,survey_181,,translation,""
uiTranslations,,survey_181,,hash,"8f3edd"
uiTranslations,,survey_732,,translation,""
uiTranslations,,survey_732,,hash,"b02d11"
uiTranslations,,survey_167,,translation,""
uiTranslations,,survey_167,,hash,"2d5451"
uiTranslations,,survey_169,,translation,""
uiTranslations,,survey_169,,hash,"75ce36"
uiTranslations,,survey_209,,translation,""
uiTranslations,,survey_209,,hash,"09290a"
uiTranslations,,survey_1348,,translation,""
uiTranslations,,survey_1348,,hash,"0ca9a8"
uiTranslations,,survey_1349,,translation,""
uiTranslations,,survey_1349,,hash,"62f7d9"
uiTranslations,,survey_171,,translation,""
uiTranslations,,survey_171,,hash,"4c9a82"
uiTranslations,,survey_173,,translation,""
uiTranslations,,survey_173,,hash,"ef0ebb"
uiTranslations,,survey_176,,translation,""
uiTranslations,,survey_176,,hash,"789880"
uiTranslations,,survey_210,,translation,""
uiTranslations,,survey_210,,hash,"55fb5b"
uiTranslations,,survey_211,,translation,""
uiTranslations,,survey_211,,hash,"4e2f7a"
uiTranslations,,survey_178,,translation,""
uiTranslations,,survey_178,,hash,"d891e4"
uiTranslations,,survey_179,,translation,""
uiTranslations,,survey_179,,hash,"a69fa6"
uiTranslations,,survey_201,,translation,""
uiTranslations,,survey_201,,hash,"d8d497"
uiTranslations,,survey_193,,translation,""
uiTranslations,,survey_193,,hash,"0ef05f"
uiTranslations,,survey_194,,translation,""
uiTranslations,,survey_194,,hash,"3998bb"
uiTranslations,,survey_195,,translation,""
uiTranslations,,survey_195,,hash,"a02a31"
uiTranslations,,survey_196,,translation,""
uiTranslations,,survey_196,,hash,"541db8"
uiTranslations,,locking_25,,translation,""
uiTranslations,,locking_25,,hash,"83a6fd"
uiTranslations,,survey_197,,translation,""
uiTranslations,,survey_197,,hash,"e6458e"
uiTranslations,,survey_198,,translation,""
uiTranslations,,survey_198,,hash,"510929"
uiTranslations,,survey_199,,translation,""
uiTranslations,,survey_199,,hash,"ec348d"
uiTranslations,,survey_168,,translation,""
uiTranslations,,survey_168,,hash,"002877"
uiTranslations,,survey_505,,translation,""
uiTranslations,,survey_505,,hash,"f160e5"
uiTranslations,,survey_509,,translation,""
uiTranslations,,survey_509,,hash,"6c8dc3"
uiTranslations,,dataqueries_23,,translation,""
uiTranslations,,dataqueries_23,,hash,"bae7d5"
uiTranslations,,survey_49,,translation,""
uiTranslations,,survey_49,,hash,"3ac013"
uiTranslations,,survey_507,,translation,""
uiTranslations,,survey_507,,hash,"1798b3"
uiTranslations,,survey_511,,translation,""
uiTranslations,,survey_511,,hash,"25e39d"
uiTranslations,,survey_504,,translation,""
uiTranslations,,survey_504,,hash,"11eda4"
uiTranslations,,data_entry_174,,translation,""
uiTranslations,,data_entry_174,,hash,"ef35ba"
uiTranslations,,survey_1090,,translation,""
uiTranslations,,survey_1090,,hash,"d505da"
uiTranslations,,survey_506,,translation,""
uiTranslations,,survey_506,,hash,"1658ff"
uiTranslations,,survey_508,,translation,""
uiTranslations,,survey_508,,hash,"02af19"
uiTranslations,,survey_1352,,translation,""
uiTranslations,,survey_1352,,hash,"6ee2c9"
uiTranslations,,survey_536,,translation,""
uiTranslations,,survey_536,,hash,"9c5466"
uiTranslations,,survey_535,,translation,""
uiTranslations,,survey_535,,hash,"5a816a"
uiTranslations,,survey_512,,translation,""
uiTranslations,,survey_512,,hash,"fb0e6a"
uiTranslations,,survey_510,,translation,""
uiTranslations,,survey_510,,hash,"1f0c91"
uiTranslations,,survey_516,,translation,""
uiTranslations,,survey_516,,hash,"b1d7ab"
uiTranslations,,survey_513,,translation,""
uiTranslations,,survey_513,,hash,"715389"
uiTranslations,,global_46,,translation,""
uiTranslations,,global_46,,hash,"f579c5"
uiTranslations,,survey_514,,translation,""
uiTranslations,,survey_514,,hash,"6581a6"
uiTranslations,,survey_524,,translation,""
uiTranslations,,survey_524,,hash,"36a01c"
uiTranslations,,survey_1351,,translation,""
uiTranslations,,survey_1351,,hash,"61cda3"
uiTranslations,,survey_522,,translation,""
uiTranslations,,survey_522,,hash,"23b838"
uiTranslations,,survey_180,,translation,""
uiTranslations,,survey_180,,hash,"9bc257"
uiTranslations,,survey_523,,translation,""
uiTranslations,,survey_523,,hash,"d073c0"
uiTranslations,,survey_520,,translation,""
uiTranslations,,survey_520,,hash,"1b3f52"
uiTranslations,,data_entry_522,,translation,""
uiTranslations,,data_entry_522,,hash,"0a58db"
uiTranslations,,data_entry_523,,translation,""
uiTranslations,,data_entry_523,,hash,"84608b"
uiTranslations,,data_entry_524,,translation,""
uiTranslations,,data_entry_524,,hash,"bb3eb2"
uiTranslations,,data_entry_525,,translation,""
uiTranslations,,data_entry_525,,hash,"74797d"
uiTranslations,,data_entry_427,,translation,""
uiTranslations,,data_entry_427,,hash,"d243ef"
uiTranslations,,form_renderer_18,,translation,""
uiTranslations,,form_renderer_18,,hash,"891ebc"
uiTranslations,,data_entry_493,,translation,""
uiTranslations,,data_entry_493,,hash,"9b548f"
uiTranslations,,data_entry_494,,translation,""
uiTranslations,,data_entry_494,,hash,"7b10aa"
uiTranslations,,data_entry_182,,translation,""
uiTranslations,,data_entry_182,,hash,"7e7a53"
uiTranslations,,form_renderer_42,,translation,""
uiTranslations,,form_renderer_42,,hash,"d23527"
uiTranslations,,form_renderer_55,,translation,""
uiTranslations,,form_renderer_55,,hash,"b4b65a"
uiTranslations,,form_renderer_56,,translation,""
uiTranslations,,form_renderer_56,,hash,"5bd7c9"
uiTranslations,,form_renderer_40,,translation,""
uiTranslations,,form_renderer_40,,hash,"f64893"
uiTranslations,,bottom_110,,translation,""
uiTranslations,,bottom_110,,hash,"c8a860"
uiTranslations,,bottom_111,,translation,""
uiTranslations,,bottom_111,,hash,"69fd91"
uiTranslations,,form_renderer_62,,translation,""
uiTranslations,,form_renderer_62,,hash,"948d5f"
uiTranslations,,data_entry_249,,translation,""
uiTranslations,,data_entry_249,,hash,"99a270"
uiTranslations,,data_entry_250,,translation,""
uiTranslations,,data_entry_250,,hash,"5f39e7"
uiTranslations,,data_entry_520,,translation,""
uiTranslations,,data_entry_520,,hash,"a144d2"
uiTranslations,,data_entry_217,,translation,""
uiTranslations,,data_entry_217,,hash,"ca76d1"
uiTranslations,,data_entry_218,,translation,""
uiTranslations,,data_entry_218,,hash,"0a8ff0"
uiTranslations,,data_entry_521,,translation,""
uiTranslations,,data_entry_521,,hash,"1fe1ec"
uiTranslations,,form_renderer_21,,translation,""
uiTranslations,,form_renderer_21,,hash,"4577fb"
uiTranslations,,data_entry_263,,translation,""
uiTranslations,,data_entry_263,,hash,"9aac6b"
uiTranslations,,survey_413,,translation,""
uiTranslations,,survey_413,,hash,"9d6446"
uiTranslations,,survey_1361,,translation,""
uiTranslations,,survey_1361,,hash,"648143"
uiTranslations,,survey_1362,,translation,""
uiTranslations,,survey_1362,,hash,"2fb56d"
uiTranslations,,survey_1363,,translation,""
uiTranslations,,survey_1363,,hash,"577519"
uiTranslations,,survey_649,,translation,""
uiTranslations,,survey_649,,hash,"fd770a"
uiTranslations,,survey_220,,translation,""
uiTranslations,,survey_220,,hash,"7a5cbb"
uiTranslations,,bottom_02,,translation,""
uiTranslations,,bottom_02,,hash,"6e78c9"
uiTranslations,,survey_278,,translation,""
uiTranslations,,survey_278,,hash,"005ada"
uiTranslations,,survey_628,,translation,""
uiTranslations,,survey_628,,hash,"ff0255"
uiTranslations,,survey_664,,translation,""
uiTranslations,,survey_664,,hash,"447421"
uiTranslations,,data_entry_181,,translation,""
uiTranslations,,data_entry_181,,hash,"41589d"
uiTranslations,,dataqueries_145,,translation,""
uiTranslations,,dataqueries_145,,hash,"b475d2"
uiTranslations,,survey_412,,translation,""
uiTranslations,,survey_412,,hash,"bb016e"
uiTranslations,,data_entry_503,,translation,""
uiTranslations,,data_entry_503,,hash,"f780f5"
uiTranslations,,grid_42,,translation,""
uiTranslations,,grid_42,,hash,"c48588"
uiTranslations,,data_entry_148,,translation,""
uiTranslations,,data_entry_148,,hash,"e2dbda"
uiTranslations,,data_entry_149,,translation,""
uiTranslations,,data_entry_149,,hash,"a6e560"
uiTranslations,,data_entry_150,,translation,""
uiTranslations,,data_entry_150,,hash,"b23060"
uiTranslations,,survey_1350,,translation,""
uiTranslations,,survey_1350,,hash,"aef77e"
uiTranslations,,grid_54,,translation,""
uiTranslations,,grid_54,,hash,"c57f8d"
uiTranslations,,grid_14,,translation,""
uiTranslations,,grid_14,,hash,"8bcbee"
uiTranslations,,grid_15,,translation,""
uiTranslations,,grid_15,,hash,"8fe09b"
uiTranslations,,grid_55,,translation,""
uiTranslations,,grid_55,,hash,"57e050"
uiTranslations,,data_entry_151,,translation,""
uiTranslations,,data_entry_151,,hash,"697672"
uiTranslations,,data_entry_572,,translation,""
uiTranslations,,data_entry_572,,hash,"73ef16"
uiTranslations,,data_entry_573,,translation,""
uiTranslations,,data_entry_573,,hash,"038a5c"
uiTranslations,,data_entry_574,,translation,""
uiTranslations,,data_entry_574,,hash,"9deae7"
uiTranslations,,control_center_4469,,translation,""
uiTranslations,,control_center_4469,,hash,"7febce"
uiTranslations,,survey_428,,translation,""
uiTranslations,,survey_428,,hash,"be2e2b"
uiTranslations,,survey_427,,translation,""
uiTranslations,,survey_427,,hash,"5aedee"
uiTranslations,,survey_426,,translation,""
uiTranslations,,survey_426,,hash,"5548ae"
uiTranslations,,data_entry_601,,translation,""
uiTranslations,,data_entry_601,,hash,"b444ad"
uiTranslations,,bottom_47,,translation,""
uiTranslations,,bottom_47,,hash,"0a60a9"
uiTranslations,,app_24,,translation,""
uiTranslations,,app_24,,hash,"667617"
uiTranslations,,invite_participants_01,,translation,""
uiTranslations,,invite_participants_01,,hash,"2d8932"
uiTranslations,,global_91,,translation,""
uiTranslations,,global_91,,hash,"1f7848"
uiTranslations,,bottom_60,,translation,""
uiTranslations,,bottom_60,,hash,"316615"
uiTranslations,,bottom_62,,translation,""
uiTranslations,,bottom_62,,hash,"934eff"
uiTranslations,,bottom_64,,translation,""
uiTranslations,,bottom_64,,hash,"83e13c"
uiTranslations,,bottom_72,,translation,""
uiTranslations,,bottom_72,,hash,"53753c"
uiTranslations,,bottom_73,,translation,""
uiTranslations,,bottom_73,,hash,"87a3a8"
uiTranslations,,bottom_63,,translation,""
uiTranslations,,bottom_63,,hash,"f78160"
uiTranslations,,global_238,,translation,""
uiTranslations,,global_238,,hash,"ff259d"
uiTranslations,,bottom_23,,translation,""
uiTranslations,,bottom_23,,hash,"e1d187"
uiTranslations,,edit_project_29,,translation,""
uiTranslations,,edit_project_29,,hash,"3894e5"
uiTranslations,,data_entry_202,,translation,""
uiTranslations,,data_entry_202,,hash,"7659a1"
uiTranslations,,data_export_tool_158,,translation,""
uiTranslations,,data_export_tool_158,,hash,"ba476a"
uiTranslations,,data_entry_542,,translation,""
uiTranslations,,data_entry_542,,hash,"e8a289"
uiTranslations,,data_entry_543,,translation,""
uiTranslations,,data_entry_543,,hash,"07d591"
uiTranslations,,data_entry_544,,translation,""
uiTranslations,,data_entry_544,,hash,"307b85"
uiTranslations,,data_entry_545,,translation,""
uiTranslations,,data_entry_545,,hash,"b9530c"
uiTranslations,,data_entry_546,,translation,""
uiTranslations,,data_entry_546,,hash,"5d543d"
uiTranslations,,data_entry_599,,translation,""
uiTranslations,,data_entry_599,,hash,"782cd9"
uiTranslations,,data_entry_547,,translation,""
uiTranslations,,data_entry_547,,hash,"381077"
uiTranslations,,data_entry_548,,translation,""
uiTranslations,,data_entry_548,,hash,"422be2"
uiTranslations,,data_entry_549,,translation,""
uiTranslations,,data_entry_549,,hash,"ce1730"
uiTranslations,,data_entry_556,,translation,""
uiTranslations,,data_entry_556,,hash,"6218a0"
uiTranslations,,data_entry_550,,translation,""
uiTranslations,,data_entry_550,,hash,"932c7b"
uiTranslations,,data_entry_551,,translation,""
uiTranslations,,data_entry_551,,hash,"768068"
uiTranslations,,data_entry_552,,translation,""
uiTranslations,,data_entry_552,,hash,"65ee11"
uiTranslations,,data_entry_553,,translation,""
uiTranslations,,data_entry_553,,hash,"b94d13"
uiTranslations,,data_entry_554,,translation,""
uiTranslations,,data_entry_554,,hash,"9fc8cc"
uiTranslations,,data_entry_555,,translation,""
uiTranslations,,data_entry_555,,hash,"ce638d"
uiTranslations,,data_entry_557,,translation,""
uiTranslations,,data_entry_557,,hash,"990a7a"
uiTranslations,,data_entry_558,,translation,""
uiTranslations,,data_entry_558,,hash,"b579a5"
uiTranslations,,grid_51,,translation,""
uiTranslations,,grid_51,,hash,"104896"
uiTranslations,,data_entry_315,,translation,""
uiTranslations,,data_entry_315,,hash,"535390"
uiTranslations,,data_entry_313,,translation,""
uiTranslations,,data_entry_313,,hash,"34c34b"
uiTranslations,,data_entry_314,,translation,""
uiTranslations,,data_entry_314,,hash,"485582"
uiTranslations,,data_entry_425,,translation,""
uiTranslations,,data_entry_425,,hash,"6c4b13"
uiTranslations,,data_entry_323,,translation,""
uiTranslations,,data_entry_323,,hash,"46c669"
uiTranslations,,data_entry_564,,translation,""
uiTranslations,,data_entry_564,,hash,"c36a02"
uiTranslations,,data_entry_316,,translation,""
uiTranslations,,data_entry_316,,hash,"1b01cc"
uiTranslations,,data_entry_288,,translation,""
uiTranslations,,data_entry_288,,hash,"8b207f"
uiTranslations,,data_entry_289,,translation,""
uiTranslations,,data_entry_289,,hash,"3f18ca"
uiTranslations,,data_entry_292,,translation,""
uiTranslations,,data_entry_292,,hash,"2a7005"
uiTranslations,,data_entry_210,,translation,""
uiTranslations,,data_entry_210,,hash,"881c48"
uiTranslations,,data_entry_275,,translation,""
uiTranslations,,data_entry_275,,hash,"a1fa09"
uiTranslations,,data_entry_276,,translation,""
uiTranslations,,data_entry_276,,hash,"660eca"
uiTranslations,,data_entry_409,,translation,""
uiTranslations,,data_entry_409,,hash,"0dfda4"
uiTranslations,,data_entry_410,,translation,""
uiTranslations,,data_entry_410,,hash,"9cd1d5"
uiTranslations,,data_entry_212,,translation,""
uiTranslations,,data_entry_212,,hash,"4da907"
uiTranslations,,data_entry_287,,translation,""
uiTranslations,,data_entry_287,,hash,"56e133"
uiTranslations,,data_entry_291,,translation,""
uiTranslations,,data_entry_291,,hash,"64b6fc"
uiTranslations,,data_entry_290,,translation,""
uiTranslations,,data_entry_290,,hash,"98c4f5"
uiTranslations,,data_entry_266,,translation,""
uiTranslations,,data_entry_266,,hash,"9a37bd"
uiTranslations,,data_entry_243,,translation,""
uiTranslations,,data_entry_243,,hash,"1504ab"
uiTranslations,,data_entry_239,,translation,""
uiTranslations,,data_entry_239,,hash,"4d34ae"
uiTranslations,,data_entry_241,,translation,""
uiTranslations,,data_entry_241,,hash,"077957"
uiTranslations,,data_entry_559,,translation,""
uiTranslations,,data_entry_559,,hash,"8d73db"
uiTranslations,,data_entry_190,,translation,""
uiTranslations,,data_entry_190,,hash,"b26bbd"
uiTranslations,,data_entry_234,,translation,""
uiTranslations,,data_entry_234,,hash,"02eaec"
uiTranslations,,data_entry_560,,translation,""
uiTranslations,,data_entry_560,,hash,"582020"
uiTranslations,,data_entry_561,,translation,""
uiTranslations,,data_entry_561,,hash,"893055"
uiTranslations,,data_entry_235,,translation,""
uiTranslations,,data_entry_235,,hash,"eecd25"
uiTranslations,,data_entry_603,,translation,""
uiTranslations,,data_entry_603,,hash,"e89d61"
uiTranslations,,data_entry_68,,translation,""
uiTranslations,,data_entry_68,,hash,"0115ea"
uiTranslations,,data_entry_69,,translation,""
uiTranslations,,data_entry_69,,hash,"3b49f3"
uiTranslations,,data_entry_70,,translation,""
uiTranslations,,data_entry_70,,hash,"66fe12"
uiTranslations,,report_builder_28,,translation,""
uiTranslations,,report_builder_28,,hash,"fa2984"
uiTranslations,,data_entry_507,,translation,""
uiTranslations,,data_entry_507,,hash,"43ddb3"
uiTranslations,,data_entry_508,,translation,""
uiTranslations,,data_entry_508,,hash,"43e289"
uiTranslations,,data_entry_509,,translation,""
uiTranslations,,data_entry_509,,hash,"a6596f"
uiTranslations,,data_entry_510,,translation,""
uiTranslations,,data_entry_510,,hash,"61b0c3"
uiTranslations,,data_entry_511,,translation,""
uiTranslations,,data_entry_511,,hash,"96a35b"
uiTranslations,,data_entry_512,,translation,""
uiTranslations,,data_entry_512,,hash,"68cbde"
uiTranslations,,data_entry_513,,translation,""
uiTranslations,,data_entry_513,,hash,"084720"
uiTranslations,,data_entry_514,,translation,""
uiTranslations,,data_entry_514,,hash,"4aac6d"
uiTranslations,,data_entry_515,,translation,""
uiTranslations,,data_entry_515,,hash,"7afeed"
uiTranslations,,data_entry_516,,translation,""
uiTranslations,,data_entry_516,,hash,"9c87d7"
uiTranslations,,data_entry_517,,translation,""
uiTranslations,,data_entry_517,,hash,"c80625"
uiTranslations,,missing_data_mdc_ni,,translation,""
uiTranslations,,missing_data_mdc_ni,,hash,"c2b552"
uiTranslations,,missing_data_mdc_inv,,translation,""
uiTranslations,,missing_data_mdc_inv,,hash,"54e07a"
uiTranslations,,missing_data_mdc_unk,,translation,""
uiTranslations,,missing_data_mdc_unk,,hash,"bc7819"
uiTranslations,,missing_data_mdc_nask,,translation,""
uiTranslations,,missing_data_mdc_nask,,hash,"4b8b02"
uiTranslations,,missing_data_mdc_asku,,translation,""
uiTranslations,,missing_data_mdc_asku,,hash,"118cf0"
uiTranslations,,missing_data_mdc_nav,,translation,""
uiTranslations,,missing_data_mdc_nav,,hash,"88f0e1"
uiTranslations,,missing_data_mdc_msk,,translation,""
uiTranslations,,missing_data_mdc_msk,,hash,"3c7ede"
uiTranslations,,missing_data_mdc_na,,translation,""
uiTranslations,,missing_data_mdc_na,,hash,"67c4d0"
uiTranslations,,missing_data_mdc_navu,,translation,""
uiTranslations,,missing_data_mdc_navu,,hash,"d1a17a"
uiTranslations,,missing_data_mdc_np,,translation,""
uiTranslations,,missing_data_mdc_np,,hash,"c5ddd9"
uiTranslations,,missing_data_mdc_qs,,translation,""
uiTranslations,,missing_data_mdc_qs,,hash,"cb3390"
uiTranslations,,missing_data_mdc_qi,,translation,""
uiTranslations,,missing_data_mdc_qi,,hash,"8f2ec7"
uiTranslations,,missing_data_mdc_trc,,translation,""
uiTranslations,,missing_data_mdc_trc,,hash,"2f3816"
uiTranslations,,missing_data_mdc_unc,,translation,""
uiTranslations,,missing_data_mdc_unc,,hash,"98b63d"
uiTranslations,,missing_data_mdc_der,,translation,""
uiTranslations,,missing_data_mdc_der,,hash,"051996"
uiTranslations,,missing_data_mdc_pinf,,translation,""
uiTranslations,,missing_data_mdc_pinf,,hash,"d3d1ce"
uiTranslations,,missing_data_mdc_ninf,,translation,""
uiTranslations,,missing_data_mdc_ninf,,hash,"075388"
uiTranslations,,missing_data_mdc_oth,,translation,""
uiTranslations,,missing_data_mdc_oth,,hash,"6e6a6f"
uiTranslations,,missing_data_04,,translation,""
uiTranslations,,missing_data_04,,hash,"38e111"
uiTranslations,,missing_data_03,,translation,""
uiTranslations,,missing_data_03,,hash,"1c1e2f"
uiTranslations,,missing_data_01,,translation,""
uiTranslations,,missing_data_01,,hash,"639986"
uiTranslations,,missing_data_02,,translation,""
uiTranslations,,missing_data_02,,hash,"584df6"
uiTranslations,,data_entry_279,,translation,""
uiTranslations,,data_entry_279,,hash,"f5a064"
uiTranslations,,data_entry_527,,translation,""
uiTranslations,,data_entry_527,,hash,"361ba1"
uiTranslations,,data_entry_280,,translation,""
uiTranslations,,data_entry_280,,hash,"5e2d06"
uiTranslations,,data_entry_528,,translation,""
uiTranslations,,data_entry_528,,hash,"b0d402"
uiTranslations,,data_entry_84,,translation,""
uiTranslations,,data_entry_84,,hash,"e18504"
uiTranslations,,data_entry_85,,translation,""
uiTranslations,,data_entry_85,,hash,"0081e5"
uiTranslations,,config_functions_52,,translation,""
uiTranslations,,config_functions_52,,hash,"0e65e0"
uiTranslations,,config_functions_53,,translation,""
uiTranslations,,config_functions_53,,hash,"1a879d"
uiTranslations,,config_functions_54,,translation,""
uiTranslations,,config_functions_54,,hash,"fb953e"
uiTranslations,,config_functions_55,,translation,""
uiTranslations,,config_functions_55,,hash,"99e522"
uiTranslations,,config_functions_56,,translation,""
uiTranslations,,config_functions_56,,hash,"35affc"
uiTranslations,,config_functions_57,,translation,""
uiTranslations,,config_functions_57,,hash,"3960ea"
uiTranslations,,config_functions_58,,translation,""
uiTranslations,,config_functions_58,,hash,"fd01a9"
uiTranslations,,config_functions_59,,translation,""
uiTranslations,,config_functions_59,,hash,"f54866"
uiTranslations,,config_functions_60,,translation,""
uiTranslations,,config_functions_60,,hash,"5a15be"
uiTranslations,,config_functions_61,,translation,""
uiTranslations,,config_functions_61,,hash,"b9031b"
uiTranslations,,config_functions_62,,translation,""
uiTranslations,,config_functions_62,,hash,"3444f5"
uiTranslations,,config_functions_77,,translation,""
uiTranslations,,config_functions_77,,hash,"c2e7e7"
uiTranslations,,global_287,,translation,""
uiTranslations,,global_287,,hash,"37d6b1"
uiTranslations,,survey_681,,translation,""
uiTranslations,,survey_681,,hash,"89b209"
uiTranslations,,config_functions_94,,translation,""
uiTranslations,,config_functions_94,,hash,"1681fd"
uiTranslations,,data_entry_433,,translation,""
uiTranslations,,data_entry_433,,hash,"0a0425"
uiTranslations,,data_entry_529,,translation,""
uiTranslations,,data_entry_529,,hash,"96c146"
uiTranslations,,data_entry_72,,translation,""
uiTranslations,,data_entry_72,,hash,"eda97c"
uiTranslations,,data_entry_73,,translation,""
uiTranslations,,data_entry_73,,hash,"9e5889"
uiTranslations,,data_entry_74,,translation,""
uiTranslations,,data_entry_74,,hash,"2278b3"
uiTranslations,,data_entry_76,,translation,""
uiTranslations,,data_entry_76,,hash,"cec648"
uiTranslations,,design_401,,translation,""
uiTranslations,,design_401,,hash,"d54455"
uiTranslations,,data_entry_423,,translation,""
uiTranslations,,data_entry_423,,hash,"863467"
uiTranslations,,data_entry_424,,translation,""
uiTranslations,,data_entry_424,,hash,"2daa2e"
uiTranslations,,data_entry_271,,translation,""
uiTranslations,,data_entry_271,,hash,"b9a5f6"
uiTranslations,,data_entry_272,,translation,""
uiTranslations,,data_entry_272,,hash,"289307"
uiTranslations,,data_entry_530,,translation,""
uiTranslations,,data_entry_530,,hash,"2e8246"
uiTranslations,,data_entry_421,,translation,""
uiTranslations,,data_entry_421,,hash,"b372be"
uiTranslations,,data_entry_105,,translation,""
uiTranslations,,data_entry_105,,hash,"ad7708"
uiTranslations,,data_entry_575,,translation,""
uiTranslations,,data_entry_575,,hash,"a1e564"
uiTranslations,,data_entry_576,,translation,""
uiTranslations,,data_entry_576,,hash,"dd842b"
uiTranslations,,_valtype_alpha_only,,translation,""
uiTranslations,,_valtype_alpha_only,,hash,"fff613"
uiTranslations,,_valtype_date_dmy,,translation,""
uiTranslations,,_valtype_date_dmy,,hash,"e3482b"
uiTranslations,,_valtype_date_mdy,,translation,""
uiTranslations,,_valtype_date_mdy,,hash,"83ef82"
uiTranslations,,_valtype_date_ymd,,translation,""
uiTranslations,,_valtype_date_ymd,,hash,"b02810"
uiTranslations,,_valtype_datetime_dmy,,translation,""
uiTranslations,,_valtype_datetime_dmy,,hash,"120439"
uiTranslations,,_valtype_datetime_mdy,,translation,""
uiTranslations,,_valtype_datetime_mdy,,hash,"aec1c3"
uiTranslations,,_valtype_datetime_seconds_dmy,,translation,""
uiTranslations,,_valtype_datetime_seconds_dmy,,hash,"eb5ede"
uiTranslations,,_valtype_datetime_seconds_mdy,,translation,""
uiTranslations,,_valtype_datetime_seconds_mdy,,hash,"296ab3"
uiTranslations,,_valtype_datetime_seconds_ymd,,translation,""
uiTranslations,,_valtype_datetime_seconds_ymd,,hash,"c53cc4"
uiTranslations,,_valtype_datetime_ymd,,translation,""
uiTranslations,,_valtype_datetime_ymd,,hash,"eb9c98"
uiTranslations,,_valtype_email,,translation,""
uiTranslations,,_valtype_email,,hash,"84add5"
uiTranslations,,_valtype_integer,,translation,""
uiTranslations,,_valtype_integer,,hash,"9edcff"
uiTranslations,,_valtype_number,,translation,""
uiTranslations,,_valtype_number,,hash,"b7baa1"
uiTranslations,,_valtype_number_1dp,,translation,""
uiTranslations,,_valtype_number_1dp,,hash,"c9a83e"
uiTranslations,,_valtype_number_1dp_comma_decimal,,translation,""
uiTranslations,,_valtype_number_1dp_comma_decimal,,hash,"d523e3"
uiTranslations,,_valtype_number_2dp,,translation,""
uiTranslations,,_valtype_number_2dp,,hash,"26f763"
uiTranslations,,_valtype_number_2dp_comma_decimal,,translation,""
uiTranslations,,_valtype_number_2dp_comma_decimal,,hash,"2ff780"
uiTranslations,,_valtype_phone,,translation,""
uiTranslations,,_valtype_phone,,hash,"cc3838"
uiTranslations,,_valtype_time,,translation,""
uiTranslations,,_valtype_time,,hash,"ee5fc6"
uiTranslations,,_valtype_time_hh_mm_ss,,translation,""
uiTranslations,,_valtype_time_hh_mm_ss,,hash,"33e3e6"
uiTranslations,,_valtype_time_mm_ss,,translation,""
uiTranslations,,_valtype_time_mm_ss,,hash,"0ea7dc"
uiTranslations,,_valtype_vmrn,,translation,""
uiTranslations,,_valtype_vmrn,,hash,"9bc3fa"
uiTranslations,,_valtype_zipcode,,translation,""
uiTranslations,,_valtype_zipcode,,hash,"bdd762"
uiOptions,,paging_symbols,,value,0
uiOptions,,submit_symbol,,value,0
fieldTranslations,label,record_id,,hash,"4686c9"
fieldTranslations,label,record_id,,translation,""
fieldTranslations,label,dd_version,,hash,"30af07"
fieldTranslations,label,dd_version,,translation,""
fieldTranslations,label,survey_logo_english,,hash,"45c6e7"
fieldTranslations,label,survey_logo_english,,translation,""
fieldTranslations,label,survey_logo_spanish,,hash,"45c6e7"
fieldTranslations,label,survey_logo_spanish,,translation,""
fieldTranslations,label,languages,,hash,"506ccb"
fieldTranslations,label,languages,,translation,""
fieldTranslations,enum,languages,1,hash,"649df0"
fieldTranslations,enum,languages,1,translation,""
fieldTranslations,enum,languages,2,hash,"2001ca"
fieldTranslations,enum,languages,2,translation,""
fieldTranslations,label,survey_datetime,,hash,"141007"
fieldTranslations,label,survey_datetime,,translation,""
fieldTranslations,label,welcome_rpps_s,,hash,"eb84a2"
fieldTranslations,label,welcome_rpps_s,,translation,"¡Bienvenido! </br></br> El propósito de esta encuesta es recopilar comentarios sobre las experiencias de los participantes del estudio de investigación. </br></br> Los resultados nos ayudarán a comprender cómo mejorar la experiencia en el futuro. </br></br> Esta encuesta se está utilizando en todo el país como parte del proyecto Empoderando la voz de los participantes </br></br> Le tomará 5 a 7 minutos para completar la encuesta. </br></br> Las respuestas de la encuesta se analizan en grupo.  No compartimos ninguna respuesta de encuesta individual con el personal o los equipos de investigación ni en ningún informe o publicación. </br></br> Su participación es voluntaria."
fieldTranslations,label,instructions_rpps_s,,hash,"5a1f74"
fieldTranslations,label,instructions_rpps_s,,translation,"Por favor, conteste estas preguntas sobre el estudio de investigación en que se inscribió en el año pasado.  Si se inscribió en más de un estudio, responda para el estudio más reciente.<br><br>Cuando las preguntas de la encuesta se refieren al \""estudio\"", nos referimos a sus experiencias en la investigación clínica en que se inscribió y no a esta encuesta."
fieldTranslations,label,rpps_s_q1,,hash,"838ccd"
fieldTranslations,label,rpps_s_q1,,translation,"¿Recomendaría participar en un estudio de investigación a sus amigos y familiares?"
fieldTranslations,enum,rpps_s_q1,1,hash,"6333ad"
fieldTranslations,enum,rpps_s_q1,1,translation,"Definitivamente no"
fieldTranslations,enum,rpps_s_q1,2,hash,"e7f9e8"
fieldTranslations,enum,rpps_s_q1,2,translation,"Probablemente no"
fieldTranslations,enum,rpps_s_q1,3,hash,"71b619"
fieldTranslations,enum,rpps_s_q1,3,translation,"Probablemente sí"
fieldTranslations,enum,rpps_s_q1,4,hash,"ab3554"
fieldTranslations,enum,rpps_s_q1,4,translation,"Definitivamente sí"
fieldTranslations,label,rpps_s_q57,,hash,"3ce36d"
fieldTranslations,label,rpps_s_q57,,translation,"Por favor, califique su experiencia general en este estudio de investigación utilizando la siguiente escala, donde 0 es la peor experiencia posible y 10 la mejor posible."
fieldTranslations,enum,rpps_s_q57,0,hash,"5d4f8e"
fieldTranslations,enum,rpps_s_q57,0,translation,"0 La peor posible"
fieldTranslations,enum,rpps_s_q57,1,hash,"356a19"
fieldTranslations,enum,rpps_s_q57,1,translation,""
fieldTranslations,enum,rpps_s_q57,2,hash,"da4b92"
fieldTranslations,enum,rpps_s_q57,2,translation,""
fieldTranslations,enum,rpps_s_q57,3,hash,"77de68"
fieldTranslations,enum,rpps_s_q57,3,translation,""
fieldTranslations,enum,rpps_s_q57,4,hash,"1b6453"
fieldTranslations,enum,rpps_s_q57,4,translation,""
fieldTranslations,enum,rpps_s_q57,5,hash,"ac3478"
fieldTranslations,enum,rpps_s_q57,5,translation,""
fieldTranslations,enum,rpps_s_q57,6,hash,"c1dfd9"
fieldTranslations,enum,rpps_s_q57,6,translation,""
fieldTranslations,enum,rpps_s_q57,7,hash,"902ba3"
fieldTranslations,enum,rpps_s_q57,7,translation,""
fieldTranslations,enum,rpps_s_q57,8,hash,"fe5dbb"
fieldTranslations,enum,rpps_s_q57,8,translation,""
fieldTranslations,enum,rpps_s_q57,9,hash,"0ade7c"
fieldTranslations,enum,rpps_s_q57,9,translation,""
fieldTranslations,enum,rpps_s_q57,10,hash,"ff3e7f"
fieldTranslations,enum,rpps_s_q57,10,translation,"10 La mejor posible"
fieldTranslations,label,rpps_s_q15,,hash,"a41eb9"
fieldTranslations,label,rpps_s_q15,,translation,"Para participar en el estudio, ¿era necesario que tuviera una enfermedad o un problema médico?"
fieldTranslations,enum,rpps_s_q15,1,hash,"418ef8"
fieldTranslations,enum,rpps_s_q15,1,translation,"Sí"
fieldTranslations,enum,rpps_s_q15,2,hash,"816c52"
fieldTranslations,enum,rpps_s_q15,2,translation,"No"
fieldTranslations,label,rpps_s_q16,,hash,"79eeea"
fieldTranslations,label,rpps_s_q16,,translation,"¿El estudio implicó tomar un medicamento o un suplemento o el uso de un nuevo dispositivo médico, o someterse a un nuevo procedimiento médico, o un cambio de estilo de vida o de comportamiento?"
fieldTranslations,enum,rpps_s_q16,1,hash,"23ca39"
fieldTranslations,enum,rpps_s_q16,1,translation,"Sí"
fieldTranslations,enum,rpps_s_q16,2,hash,"816c52"
fieldTranslations,enum,rpps_s_q16,2,translation,"No"
fieldTranslations,enum,rpps_s_q16,3,hash,"20c47c"
fieldTranslations,enum,rpps_s_q16,3,translation,"No estoy seguro(a)"
fieldTranslations,label,rpps_s_q58,,hash,"ffd8fc"
fieldTranslations,label,rpps_s_q58,,translation,"¿Cuánto exigía el estudio de usted? Seleccione la respuesta que mejor refleje su experiencia."
fieldTranslations,enum,rpps_s_q58,1,hash,"a6dbec"
fieldTranslations,enum,rpps_s_q58,1,translation,"Poco (por ejemplo: unas cuantas visitas  o pruebas sencillas o encuestas)"
fieldTranslations,enum,rpps_s_q58,2,hash,"4f6db5"
fieldTranslations,enum,rpps_s_q58,2,translation,"Moderado (por ejemplo: múltiples visitas o una breve hospitalización; tan sólo unos cuantos procedimientos, nada arriesgado o intenso)"
fieldTranslations,enum,rpps_s_q58,3,hash,"2d1e0e"
fieldTranslations,enum,rpps_s_q58,3,translation,"Mucho (por ejemplo: hospitalización más larga, varias hospitalizaciones o muchas visitas; un procedimiento o procedimientos intensos, arriesgados o complejos)"
fieldTranslations,label,rpps_s_q66,,hash,"f8fbdb"
fieldTranslations,label,rpps_s_q66,,translation,"Antes de inscribirse en el estudio, ¿cómo discutió el equipo de investigación los detalles del estudio con usted?"
fieldTranslations,enum,rpps_s_q66,1,hash,"fac317"
fieldTranslations,enum,rpps_s_q66,1,translation,"Mayormente por correo electrónico, video o conversaciones telefónicas"
fieldTranslations,enum,rpps_s_q66,2,hash,"4e89f5"
fieldTranslations,enum,rpps_s_q66,2,translation,"Mayormente físicamente en el mismo lugar con un miembro del equipo de investigación"
fieldTranslations,enum,rpps_s_q66,3,hash,"e61bd8"
fieldTranslations,enum,rpps_s_q66,3,translation,"Una combinación de conversaciones que ocurrieron físicamente en el mismo lugar y por teléfono o video o computadora"
fieldTranslations,enum,rpps_s_q66,4,hash,"1ee7e4"
fieldTranslations,enum,rpps_s_q66,4,translation,"No hubo discusiones con el equipo de investigación antes de inscribirme en el estudio"
fieldTranslations,enum,rpps_s_q66,5,hash,"6df21d"
fieldTranslations,enum,rpps_s_q66,5,translation,"No me acuerdo"
fieldTranslations,label,rpps_s_q17,,hash,"993467"
fieldTranslations,label,rpps_s_q17,,translation,"¿El documento de consentimiento informado le preparó sobre qué esperar durante el estudio?"
fieldTranslations,enum,rpps_s_q17,1,hash,"816c52"
fieldTranslations,enum,rpps_s_q17,1,translation,"No"
fieldTranslations,enum,rpps_s_q17,2,hash,"104c77"
fieldTranslations,enum,rpps_s_q17,2,translation,"Sí - un poco"
fieldTranslations,enum,rpps_s_q17,3,hash,"4c4445"
fieldTranslations,enum,rpps_s_q17,3,translation,"Sí - en general"
fieldTranslations,enum,rpps_s_q17,4,hash,"4eb072"
fieldTranslations,enum,rpps_s_q17,4,translation,"Sí - completamente"
fieldTranslations,label,rpps_s_q18,,hash,"eaac38"
fieldTranslations,label,rpps_s_q18,,translation,"La información y las conversaciones que tuvo antes de participar en el estudio de investigación ¿lo prepararon para su experiencia en el estudio?"
fieldTranslations,enum,rpps_s_q18,1,hash,"816c52"
fieldTranslations,enum,rpps_s_q18,1,translation,"No"
fieldTranslations,enum,rpps_s_q18,2,hash,"104c77"
fieldTranslations,enum,rpps_s_q18,2,translation,"Sí - un poco"
fieldTranslations,enum,rpps_s_q18,3,hash,"4c4445"
fieldTranslations,enum,rpps_s_q18,3,translation,"Sí - en general"
fieldTranslations,enum,rpps_s_q18,4,hash,"4eb072"
fieldTranslations,enum,rpps_s_q18,4,translation,"Sí - completamente"
fieldTranslations,label,rpps_s_q19,,hash,"4dee4c"
fieldTranslations,label,rpps_s_q19,,translation,"¿Le escuchaba con atención el equipo de investigación?"
fieldTranslations,enum,rpps_s_q19,1,hash,"80c305"
fieldTranslations,enum,rpps_s_q19,1,translation,"Nunca"
fieldTranslations,enum,rpps_s_q19,2,hash,"1bc4d6"
fieldTranslations,enum,rpps_s_q19,2,translation,"A veces"
fieldTranslations,enum,rpps_s_q19,3,hash,"e461f8"
fieldTranslations,enum,rpps_s_q19,3,translation,"La mayoría de las veces"
fieldTranslations,enum,rpps_s_q19,4,hash,"a91bcc"
fieldTranslations,enum,rpps_s_q19,4,translation,"Siempre"
fieldTranslations,label,rpps_s_q20,,hash,"1de442"
fieldTranslations,label,rpps_s_q20,,translation,"¿Le trataba con cortesía y respeto el equipo de investigación?"
fieldTranslations,enum,rpps_s_q20,1,hash,"80c305"
fieldTranslations,enum,rpps_s_q20,1,translation,"Nunca"
fieldTranslations,enum,rpps_s_q20,2,hash,"1bc4d6"
fieldTranslations,enum,rpps_s_q20,2,translation,"A veces"
fieldTranslations,enum,rpps_s_q20,3,hash,"e461f8"
fieldTranslations,enum,rpps_s_q20,3,translation,"La mayoría de las veces"
fieldTranslations,enum,rpps_s_q20,4,hash,"a91bcc"
fieldTranslations,enum,rpps_s_q20,4,translation,"Siempre"
fieldTranslations,label,rpps_s_q70,,hash,"aebc7e"
fieldTranslations,label,rpps_s_q70,,translation,"¿Tiene confianza en el equipo de investigación?"
fieldTranslations,enum,rpps_s_q70,1,hash,"80c305"
fieldTranslations,enum,rpps_s_q70,1,translation,"Nunca"
fieldTranslations,enum,rpps_s_q70,2,hash,"1bc4d6"
fieldTranslations,enum,rpps_s_q70,2,translation,"A veces"
fieldTranslations,enum,rpps_s_q70,3,hash,"e461f8"
fieldTranslations,enum,rpps_s_q70,3,translation,"La mayoría de las veces"
fieldTranslations,enum,rpps_s_q70,4,hash,"a91bcc"
fieldTranslations,enum,rpps_s_q70,4,translation,"Siempre"
fieldTranslations,label,rpps_s_q21,,hash,"47ebdd"
fieldTranslations,label,rpps_s_q21,,translation,"Al discutir el estudio, ¿sintió usted que el personal de investigación le presionara para participar en el mismo?"
fieldTranslations,enum,rpps_s_q21,1,hash,"80c305"
fieldTranslations,enum,rpps_s_q21,1,translation,"Nunca"
fieldTranslations,enum,rpps_s_q21,2,hash,"1bc4d6"
fieldTranslations,enum,rpps_s_q21,2,translation,"A veces"
fieldTranslations,enum,rpps_s_q21,3,hash,"e461f8"
fieldTranslations,enum,rpps_s_q21,3,translation,"La mayoría de las veces"
fieldTranslations,enum,rpps_s_q21,4,hash,"a91bcc"
fieldTranslations,enum,rpps_s_q21,4,translation,"Siempre"
fieldTranslations,label,rpps_s_q68,,hash,"d7f53c"
fieldTranslations,label,rpps_s_q68,,translation,"¿Hizo todo lo posible para ayudarle el equipo de investigación si tuvo algún problema con el idioma?"
fieldTranslations,enum,rpps_s_q68,1,hash,"80c305"
fieldTranslations,enum,rpps_s_q68,1,translation,"Nunca"
fieldTranslations,enum,rpps_s_q68,2,hash,"1bc4d6"
fieldTranslations,enum,rpps_s_q68,2,translation,"A veces"
fieldTranslations,enum,rpps_s_q68,3,hash,"e461f8"
fieldTranslations,enum,rpps_s_q68,3,translation,"La mayoría de las veces"
fieldTranslations,enum,rpps_s_q68,4,hash,"a91bcc"
fieldTranslations,enum,rpps_s_q68,4,translation,"Siempre"
fieldTranslations,enum,rpps_s_q68,5,hash,"402812"
fieldTranslations,enum,rpps_s_q68,5,translation,"No hubo problemas de idioma"
fieldTranslations,label,rpps_s_q22,,hash,"e62320"
fieldTranslations,label,rpps_s_q22,,translation,"Cuando no estaba en el lugar de la investigación, ¿sabía cómo ponerse en contacto con el equipo de investigación si tenía alguna pregunta?"
fieldTranslations,enum,rpps_s_q22,1,hash,"80c305"
fieldTranslations,enum,rpps_s_q22,1,translation,"Nunca"
fieldTranslations,enum,rpps_s_q22,2,hash,"1bc4d6"
fieldTranslations,enum,rpps_s_q22,2,translation,"A veces"
fieldTranslations,enum,rpps_s_q22,3,hash,"e461f8"
fieldTranslations,enum,rpps_s_q22,3,translation,"La mayoría de las veces"
fieldTranslations,enum,rpps_s_q22,4,hash,"a91bcc"
fieldTranslations,enum,rpps_s_q22,4,translation,"Siempre"
fieldTranslations,label,rpps_s_q23,,hash,"c34407"
fieldTranslations,label,rpps_s_q23,,translation,"Cuando no estaba en el lugar de la investigación y necesitaba ponerse en contacto con algún miembro del equipo de investigación, ¿podía hacerlo tan pronto como quería?"
fieldTranslations,enum,rpps_s_q23,1,hash,"80c305"
fieldTranslations,enum,rpps_s_q23,1,translation,"Nunca"
fieldTranslations,enum,rpps_s_q23,2,hash,"1bc4d6"
fieldTranslations,enum,rpps_s_q23,2,translation,"A veces"
fieldTranslations,enum,rpps_s_q23,3,hash,"e461f8"
fieldTranslations,enum,rpps_s_q23,3,translation,"La mayoría de las veces"
fieldTranslations,enum,rpps_s_q23,4,hash,"a91bcc"
fieldTranslations,enum,rpps_s_q23,4,translation,"Siempre"
fieldTranslations,enum,rpps_s_q23,5,hash,"65727a"
fieldTranslations,enum,rpps_s_q23,5,translation,"No necesité al equipo de investigación"
fieldTranslations,label,rpps_s_q24,,hash,"8971dc"
fieldTranslations,label,rpps_s_q24,,translation,"¿Se sintió valorado como colaborador en el proceso de investigación?"
fieldTranslations,enum,rpps_s_q24,1,hash,"80c305"
fieldTranslations,enum,rpps_s_q24,1,translation,"Nunca"
fieldTranslations,enum,rpps_s_q24,2,hash,"1bc4d6"
fieldTranslations,enum,rpps_s_q24,2,translation,"A veces"
fieldTranslations,enum,rpps_s_q24,3,hash,"e461f8"
fieldTranslations,enum,rpps_s_q24,3,translation,"Normalmente"
fieldTranslations,enum,rpps_s_q24,4,hash,"a91bcc"
fieldTranslations,enum,rpps_s_q24,4,translation,"Siempre"
fieldTranslations,label,rpps_s_q25,,hash,"526921"
fieldTranslations,label,rpps_s_q25,,translation,"Si pensó en abandonar el estudio, ¿se sintió presionado por el equipo de investigación para no hacerlo?"
fieldTranslations,enum,rpps_s_q25,1,hash,"80c305"
fieldTranslations,enum,rpps_s_q25,1,translation,"No"
fieldTranslations,enum,rpps_s_q25,2,hash,"1bc4d6"
fieldTranslations,enum,rpps_s_q25,2,translation,"Sí, un poco"
fieldTranslations,enum,rpps_s_q25,3,hash,"e461f8"
fieldTranslations,enum,rpps_s_q25,3,translation,"Sí, en general"
fieldTranslations,enum,rpps_s_q25,4,hash,"a91bcc"
fieldTranslations,enum,rpps_s_q25,4,translation,"Sí, completamente"
fieldTranslations,enum,rpps_s_q25,5,hash,"895a85"
fieldTranslations,enum,rpps_s_q25,5,translation,"No pensé en abandonar el estudi"
fieldTranslations,label,skip,,hash,"cd5d7c"
fieldTranslations,label,skip,,translation,"<span style=""font-weight: normal; color: #e03e2d;"">Como seleccionó \""No pensé en abandonar el estudio\"", no se le mostrará la página 4 de la encuesta (motivos para abandonar un estudio de investigación)</span>"
fieldTranslations,label,rpps_s_q69,,hash,"5beb57"
fieldTranslations,label,rpps_s_q69,,translation,"¿Respetaba su cultura el equipo de investigación (por ejemplo, su idioma, su religión, su grupo étnico)?"
fieldTranslations,enum,rpps_s_q69,1,hash,"80c305"
fieldTranslations,enum,rpps_s_q69,1,translation,"Nunca"
fieldTranslations,enum,rpps_s_q69,2,hash,"1bc4d6"
fieldTranslations,enum,rpps_s_q69,2,translation,"A veces"
fieldTranslations,enum,rpps_s_q69,3,hash,"e461f8"
fieldTranslations,enum,rpps_s_q69,3,translation,"La mayoría de las veces"
fieldTranslations,enum,rpps_s_q69,4,hash,"a91bcc"
fieldTranslations,enum,rpps_s_q69,4,translation,"Siempre"
fieldTranslations,enum,rpps_s_q69,5,hash,"2b17e0"
fieldTranslations,enum,rpps_s_q69,5,translation,"No hubo problemas culturales"
fieldTranslations,label,rpps_s_q67,,hash,"b3c179"
fieldTranslations,label,rpps_s_q67,,translation,"¿Tuvo suficiente privacidad física mientras participó en el estudio?"
fieldTranslations,enum,rpps_s_q67,1,hash,"80c305"
fieldTranslations,enum,rpps_s_q67,1,translation,"Nunca"
fieldTranslations,enum,rpps_s_q67,2,hash,"1bc4d6"
fieldTranslations,enum,rpps_s_q67,2,translation,"A veces"
fieldTranslations,enum,rpps_s_q67,3,hash,"e461f8"
fieldTranslations,enum,rpps_s_q67,3,translation,"Normalmente"
fieldTranslations,enum,rpps_s_q67,4,hash,"a91bcc"
fieldTranslations,enum,rpps_s_q67,4,translation,"Siempre"
fieldTranslations,label,rpps_s_q59,,hash,"3918c3"
fieldTranslations,label,rpps_s_q59,,translation,"¿Cuál es el nivel escolar más alto que ha completado?"
fieldTranslations,enum,rpps_s_q59,1,hash,"43b66b"
fieldTranslations,enum,rpps_s_q59,1,translation,"Escuela primaria (8o grado o menos)"
fieldTranslations,enum,rpps_s_q59,2,hash,"a4e098"
fieldTranslations,enum,rpps_s_q59,2,translation,"Algunos estudios secundarios"
fieldTranslations,enum,rpps_s_q59,3,hash,"1b01b5"
fieldTranslations,enum,rpps_s_q59,3,translation,"Graduado de escuela secundaria o diploma GED"
fieldTranslations,enum,rpps_s_q59,4,hash,"657ac6"
fieldTranslations,enum,rpps_s_q59,4,translation,"Algunos estudios universitarios o título universitario o profesional de 2 años"
fieldTranslations,enum,rpps_s_q59,5,hash,"7e7607"
fieldTranslations,enum,rpps_s_q59,5,translation,"Título universitario de 4 años"
fieldTranslations,enum,rpps_s_q59,6,hash,"40171e"
fieldTranslations,enum,rpps_s_q59,6,translation,"Más de título universitario de 4 años"
fieldTranslations,label,rpps_s_q60,,hash,"43182a"
fieldTranslations,label,rpps_s_q60,,translation,"¿Cuál es su edad?"
fieldTranslations,enum,rpps_s_q60,1,hash,"531067"
fieldTranslations,enum,rpps_s_q60,1,translation,"18-34 años"
fieldTranslations,enum,rpps_s_q60,2,hash,"11573a"
fieldTranslations,enum,rpps_s_q60,2,translation,"35-44 años"
fieldTranslations,enum,rpps_s_q60,3,hash,"f243bc"
fieldTranslations,enum,rpps_s_q60,3,translation,"45-54 años"
fieldTranslations,enum,rpps_s_q60,4,hash,"5ca4f7"
fieldTranslations,enum,rpps_s_q60,4,translation,"55-64 años"
fieldTranslations,enum,rpps_s_q60,5,hash,"9e8697"
fieldTranslations,enum,rpps_s_q60,5,translation,"65-74 años"
fieldTranslations,enum,rpps_s_q60,6,hash,"048866"
fieldTranslations,enum,rpps_s_q60,6,translation,"75 años o más"
fieldTranslations,label,rpps_s_q61,,hash,"4c1efb"
fieldTranslations,label,rpps_s_q61,,translation,"¿De qué raza se considera usted? Seleccione todo lo que corresponda."
fieldTranslations,enum,rpps_s_q61,1,hash,"652670"
fieldTranslations,enum,rpps_s_q61,1,translation,"Asiático"
fieldTranslations,enum,rpps_s_q61,2,hash,"7efb94"
fieldTranslations,enum,rpps_s_q61,2,translation,"Indígena americano o nativo de Alaska"
fieldTranslations,enum,rpps_s_q61,3,hash,"3627dd"
fieldTranslations,enum,rpps_s_q61,3,translation,"Negro o afro americano"
fieldTranslations,enum,rpps_s_q61,4,hash,"279ed6"
fieldTranslations,enum,rpps_s_q61,4,translation,"Nativo de Hawai o de otras islas del Pacífico"
fieldTranslations,enum,rpps_s_q61,5,hash,"37619f"
fieldTranslations,enum,rpps_s_q61,5,translation,"Blanco"
fieldTranslations,label,rpps_s_q62,,hash,"a11480"
fieldTranslations,label,rpps_s_q62,,translation,"¿Es usted español, hispano o de origen o descendencia latina?"
fieldTranslations,enum,rpps_s_q62,1,hash,"1708d7"
fieldTranslations,enum,rpps_s_q62,1,translation,"No, no soy español/hispano/latino o Latinx"
fieldTranslations,enum,rpps_s_q62,2,hash,"c0deb2"
fieldTranslations,enum,rpps_s_q62,2,translation,"Sí, soy puertorriqueño"
fieldTranslations,enum,rpps_s_q62,3,hash,"6d4f34"
fieldTranslations,enum,rpps_s_q62,3,translation,"Sí, soy mexicano, méxicoamericano o chicano"
fieldTranslations,enum,rpps_s_q62,4,hash,"7fdc5b"
fieldTranslations,enum,rpps_s_q62,4,translation,"Sí, soy cubano"
fieldTranslations,enum,rpps_s_q62,5,hash,"1c2207"
fieldTranslations,enum,rpps_s_q62,5,translation,"Sí, soy de otro origen latino o hispano o español"
fieldTranslations,label,rpps_s_q63,,hash,"3c15df"
fieldTranslations,label,rpps_s_q63,,translation,"¿Cuál es su sexo? (Asignado al nacer)"
fieldTranslations,enum,rpps_s_q63,1,hash,"b7c17e"
fieldTranslations,enum,rpps_s_q63,1,translation,"Femenino"
fieldTranslations,enum,rpps_s_q63,2,hash,"3f3a48"
fieldTranslations,enum,rpps_s_q63,2,translation,"Masculino"
fieldTranslations,enum,rpps_s_q63,3,hash,"096d6a"
fieldTranslations,enum,rpps_s_q63,3,translation,"Intersexual"
fieldTranslations,enum,rpps_s_q63,4,hash,"0e4b20"
fieldTranslations,enum,rpps_s_q63,4,translation,"Prefiero no decir"
fieldTranslations,label,rpps_s_q65,,hash,"2a6a31"
fieldTranslations,label,rpps_s_q65,,translation,"¿Cómo describiría su identidad de género?"
fieldTranslations,enum,rpps_s_q65,1,hash,"1cb72b"
fieldTranslations,enum,rpps_s_q65,1,translation,"Femenino (incluidas las mujeres transgéneros)"
fieldTranslations,enum,rpps_s_q65,2,hash,"8b70bb"
fieldTranslations,enum,rpps_s_q65,2,translation,"Masculino (incluidos los hombres transgéneros)"
fieldTranslations,enum,rpps_s_q65,3,hash,"dc82a4"
fieldTranslations,enum,rpps_s_q65,3,translation,"No binario, género fluido, o agénero"
fieldTranslations,enum,rpps_s_q65,5,hash,"b8653e"
fieldTranslations,enum,rpps_s_q65,5,translation,"Ninguna de estas palabras me describe"
fieldTranslations,enum,rpps_s_q65,4,hash,"0e4b20"
fieldTranslations,enum,rpps_s_q65,4,translation,"Prefiero no decirlo"
fieldTranslations,label,rpps_s_q64,,hash,"40c2fa"
fieldTranslations,label,rpps_s_q64,,translation,"¿Le gustaría añadir alguna otra cosa sobre el estudio en el que participó más recientemente?"
fieldTranslations,header,reasons_join,,hash,"b858cb"
fieldTranslations,header,reasons_join,,translation,""
fieldTranslations,label,reasons_join,,hash,"50269c"
fieldTranslations,label,reasons_join,,translation,"A continuación encontrará una lista de posibles motivos para <u>participar</u> en un estudio de investigación. Cuando se <u>incorporó</u> a este estudio, ¿cuán importantes eran estos motivos para usted?"
fieldTranslations,label,rpps_s_q2,,hash,"a87c02"
fieldTranslations,label,rpps_s_q2,,translation,"Para conocer más sobre mi enfermedad"
fieldTranslations,label,rpps_s_q3,,hash,"09d60f"
fieldTranslations,label,rpps_s_q3,,translation,"Porque no había otras opciones médicas disponibles"
fieldTranslations,label,rpps_s_q4,,hash,"7f5a2f"
fieldTranslations,label,rpps_s_q4,,translation,"Para lograr acceso a un nuevo tratamiento o terapia"
fieldTranslations,label,rpps_s_q5,,hash,"63a473"
fieldTranslations,label,rpps_s_q5,,translation,"Para recibir atención médica gratuita"
fieldTranslations,label,rpps_s_q6,,hash,"376e10"
fieldTranslations,label,rpps_s_q6,,translation,"To help others"
fieldTranslations,label,rpps_s_q7,,hash,"3544d8"
fieldTranslations,label,rpps_s_q7,,translation,"Por la reputación del centro de salud/investigación"
fieldTranslations,label,rpps_s_q8,,hash,"e02da1"
fieldTranslations,label,rpps_s_q8,,translation,"Porque me preocupa el tema del estudio"
fieldTranslations,label,rpps_s_q9,,hash,"8cf16b"
fieldTranslations,label,rpps_s_q9,,translation,"Para educarme y aprender"
fieldTranslations,label,rpps_s_q10,,hash,"9bb213"
fieldTranslations,label,rpps_s_q10,,translation,"Por una experiencia positiva que tuve con otro estudio"
fieldTranslations,label,rpps_s_q11,,hash,"5eec60"
fieldTranslations,label,rpps_s_q11,,translation,"Por influencia/participación de la familia"
fieldTranslations,label,rpps_s_q12,,hash,"51ba5f"
fieldTranslations,label,rpps_s_q12,,translation,"Para recibir dinero/compensación económica"
fieldTranslations,label,rpps_s_q13,,hash,"360bbf"
fieldTranslations,label,rpps_s_q13,,translation,"Porque me animó la persona que me cuida"
fieldTranslations,label,rpps_s_q14,,hash,"d876bb"
fieldTranslations,label,rpps_s_q14,,translation,"Por otros motivos"
fieldTranslations,header,reasons_leave,,hash,"b858cb"
fieldTranslations,header,reasons_leave,,translation,""
fieldTranslations,label,reasons_leave,,hash,"c387f7"
fieldTranslations,label,reasons_leave,,translation,"A continuación encontrará una lista de posibles motivos para <u>abandonar</u> un estudio de investigación. ¿Cuán importantes fueron para usted estos motivos al considerar <u>abandonar</u> el estudio"
fieldTranslations,label,rpps_s_q26,,hash,"ed4015"
fieldTranslations,label,rpps_s_q26,,translation,"El dolor o la incomodidad relacionados con la participación"
fieldTranslations,label,rpps_s_q27,,hash,"620da9"
fieldTranslations,label,rpps_s_q27,,translation,"Riesgos o efectos secundarios de tratamiento"
fieldTranslations,label,rpps_s_q28,,hash,"fa8894"
fieldTranslations,label,rpps_s_q28,,translation,"Efectos secundarios que surgieron durante el estudio"
fieldTranslations,label,rpps_s_q29,,hash,"e1e679"
fieldTranslations,label,rpps_s_q29,,translation,"La invasión de la privacidad"
fieldTranslations,label,rpps_s_q30,,hash,"fa14b0"
fieldTranslations,label,rpps_s_q30,,translation,"Había que estar esperando demasiado tiempo"
fieldTranslations,label,rpps_s_q31,,hash,"1ae53a"
fieldTranslations,label,rpps_s_q31,,translation,"El tiempo de dedicación necesario"
fieldTranslations,label,rpps_s_q32,,hash,"ac0dbe"
fieldTranslations,label,rpps_s_q32,,translation,"Problemas familiares/de trabajo que no estaban relacionados con el estudio"
fieldTranslations,label,rpps_s_q33,,hash,"f232a4"
fieldTranslations,label,rpps_s_q33,,translation,"Interacciones con el equipo de investigación"
fieldTranslations,label,rpps_s_q34,,hash,"d69fd1"
fieldTranslations,label,rpps_s_q34,,translation,"No obtener los resultados de las pruebas"
fieldTranslations,label,rpps_s_q35,,hash,"b53328"
fieldTranslations,label,rpps_s_q35,,translation,"Presión indebida para permanecer en el estudio"
fieldTranslations,label,rpps_s_q36,,hash,"441e89"
fieldTranslations,label,rpps_s_q36,,translation,"Problemas con la compensación económica del estudio"
fieldTranslations,label,rpps_s_q37,,hash,"c62226"
fieldTranslations,label,rpps_s_q37,,translation,"Pruebas y procedimientos inesperados que ocurrieron durante el estudio"
fieldTranslations,label,rpps_s_q38,,hash,"c3b6b6"
fieldTranslations,label,rpps_s_q38,,translation,"Transporte/estacionamiento"
fieldTranslations,label,rpps_s_q39,,hash,"d876bb"
fieldTranslations,label,rpps_s_q39,,translation,"Otros motivos"
fieldTranslations,header,reasons_stay,,hash,"b858cb"
fieldTranslations,header,reasons_stay,,translation,""
fieldTranslations,label,reasons_stay,,hash,"626c20"
fieldTranslations,label,reasons_stay,,translation,"A continuación encontrará una lista de posibles motivos para <u>permanecer</u> en un estudio de investigación. ¿Cuán importantes fueron para usted estos motivos para <u>permanecer</u> en el estudio?"
fieldTranslations,label,rpps_s_q40,,hash,"a87c02"
fieldTranslations,label,rpps_s_q40,,translation,"Para conocer más sobre mi enfermedad"
fieldTranslations,label,rpps_s_q41,,hash,"09d60f"
fieldTranslations,label,rpps_s_q41,,translation,"Porque no había otras opciones médicas disponibles"
fieldTranslations,label,rpps_s_q42,,hash,"7f5a2f"
fieldTranslations,label,rpps_s_q42,,translation,"Para lograr acceso a un nuevo tratamiento o terapia"
fieldTranslations,label,rpps_s_q43,,hash,"63a473"
fieldTranslations,label,rpps_s_q43,,translation,"Para recibir atención médica gratuita"
fieldTranslations,label,rpps_s_q44,,hash,"376e10"
fieldTranslations,label,rpps_s_q44,,translation,"Para ayudar a otras personas"
fieldTranslations,label,rpps_s_q45,,hash,"3544d8"
fieldTranslations,label,rpps_s_q45,,translation,"Por la reputación del centro de salud/investigación"
fieldTranslations,label,rpps_s_q46,,hash,"e02da1"
fieldTranslations,label,rpps_s_q46,,translation,"Porque me preocupa el tema del estudio"
fieldTranslations,label,rpps_s_q47,,hash,"8cf16b"
fieldTranslations,label,rpps_s_q47,,translation,"Para educarme y aprender"
fieldTranslations,label,rpps_s_q48,,hash,"9bb213"
fieldTranslations,label,rpps_s_q48,,translation,"Por una experiencia positiva que tuve con otro estudio"
fieldTranslations,label,rpps_s_q49,,hash,"5eec60"
fieldTranslations,label,rpps_s_q49,,translation,"Por influencia/participación de la familia"
fieldTranslations,label,rpps_s_q50,,hash,"51ba5f"
fieldTranslations,label,rpps_s_q50,,translation,"Para recibir dinero/compensación económica"
fieldTranslations,label,rpps_s_q51,,hash,"360bbf"
fieldTranslations,label,rpps_s_q51,,translation,"Porque me animó la persona que me cuida"
fieldTranslations,label,rpps_s_q52,,hash,"2e4e01"
fieldTranslations,label,rpps_s_q52,,translation,"Por la relación con el equipo de investigación"
fieldTranslations,label,rpps_s_q53,,hash,"424031"
fieldTranslations,label,rpps_s_q53,,translation,"Por sentirme valorado como participante en una investigación"
fieldTranslations,label,rpps_s_q54,,hash,"3da1dd"
fieldTranslations,label,rpps_s_q54,,translation,"Por mejoría de la salud o la calidad de vida"
fieldTranslations,label,rpps_s_q55,,hash,"d876bb"
fieldTranslations,label,rpps_s_q55,,translation,"Por otros motivos"
fieldTranslations,label,rpps_s_q56,,hash,"ba0e10"
fieldTranslations,label,rpps_s_q56,,translation,"¿Cuál de estos puntos sería importante para usted en un futuro estudio?  Marque todos los que correspondan."
fieldTranslations,enum,rpps_s_q56,1,hash,"848ada"
fieldTranslations,enum,rpps_s_q56,1,translation,"Acceso a una computadora, Internet y televisión"
fieldTranslations,enum,rpps_s_q56,2,hash,"df5c25"
fieldTranslations,enum,rpps_s_q56,2,translation,"Acceso a una cama cómoda"
fieldTranslations,enum,rpps_s_q56,3,hash,"11deb8"
fieldTranslations,enum,rpps_s_q56,3,translation,"Compensación/Más compensación económica"
fieldTranslations,enum,rpps_s_q56,4,hash,"dca728"
fieldTranslations,enum,rpps_s_q56,4,translation,"Grupos de apoyo"
fieldTranslations,enum,rpps_s_q56,5,hash,"38348e"
fieldTranslations,enum,rpps_s_q56,5,translation,"Apreciación de los voluntarios"
fieldTranslations,enum,rpps_s_q56,6,hash,"e5eff1"
fieldTranslations,enum,rpps_s_q56,6,translation,"Un horario flexible"
fieldTranslations,enum,rpps_s_q56,7,hash,"b1ef4a"
fieldTranslations,enum,rpps_s_q56,7,translation,"Accesibilidad de estacionamiento y del lugar del estudio"
fieldTranslations,enum,rpps_s_q56,8,hash,"e87bc2"
fieldTranslations,enum,rpps_s_q56,8,translation,"Alta planeada y despedida adecuada del equipo de investigación"
fieldTranslations,enum,rpps_s_q56,9,hash,"e03b9f"
fieldTranslations,enum,rpps_s_q56,9,translation,"Que compartieran conmigo los resultados generales de la investigación"
fieldTranslations,enum,rpps_s_q56,10,hash,"d7bcb9"
fieldTranslations,enum,rpps_s_q56,10,translation,"Que compartieran conmigo o con mi médico los resultados de mis análisis personales"
fieldTranslations,enum,rpps_s_q56,11,hash,"cf254f"
fieldTranslations,enum,rpps_s_q56,11,translation,"Otro, especifique, por favor especifique"
fieldTranslations,label,rpps_s_q56_other,,hash,"a4a638"
fieldTranslations,label,rpps_s_q56_other,,translation,"Por favor especifique otras cosas importantes:"
fieldTranslations,label,rpps_s_thanks,,hash,"080230"
fieldTranslations,label,rpps_s_thanks,,translation,"<p>Gracias por completar esta encuesta.  Sus respuestas nos ayudarán a mejorar la experiencia de investigación para los participantes. </p> <p> El proyecto <em>Empoderando la voz de los participantes</em> es parcialmente financiado por una beca de investigación del Centro Nacional para la Aceleración de Ciencia Traslacional U01TR003026 a The Rockefeller University, y becas de investigación de Ciencia Clínica y Traslacional UL1TR002553 (Duke University), UL1TR003098 (Johns Hopkins University), UL1TR002001 (University of Rochester), UL1TR001866 (Rockefeller University), UL1TR002243 (Vanderbilt), y UL1TR001420 (Wake Forest University Health Sciences).</p>"
fieldTranslations,header,research_participant_perception_survey_epv_version_complete,,hash,"c91e0b"
fieldTranslations,header,research_participant_perception_survey_epv_version_complete,,translation,""
fieldTranslations,label,research_participant_perception_survey_epv_version_complete,,hash,"fc84b4"
fieldTranslations,label,research_participant_perception_survey_epv_version_complete,,translation,""
fieldTranslations,enum,research_participant_perception_survey_epv_version_complete,0,hash,"387fd1"
fieldTranslations,enum,research_participant_perception_survey_epv_version_complete,0,translation,""
fieldTranslations,enum,research_participant_perception_survey_epv_version_complete,1,hash,"eb27a1"
fieldTranslations,enum,research_participant_perception_survey_epv_version_complete,1,translation,""
fieldTranslations,enum,research_participant_perception_survey_epv_version_complete,2,hash,"1f5a1a"
fieldTranslations,enum,research_participant_perception_survey_epv_version_complete,2,translation,""
fieldTranslations,label,date,,hash,"6c0edd"
fieldTranslations,label,date,,translation,""
fieldTranslations,note,date,,hash,"fdfc85"
fieldTranslations,note,date,,translation,""
fieldTranslations,label,participant_name,,hash,"a796f9"
fieldTranslations,label,participant_name,,translation,""
fieldTranslations,note,participant_name,,hash,"592788"
fieldTranslations,note,participant_name,,translation,""
fieldTranslations,label,timing_of_rpps_administration,,hash,"0f0004"
fieldTranslations,label,timing_of_rpps_administration,,translation,""
fieldTranslations,note,timing_of_rpps_administration,,hash,"6b8463"
fieldTranslations,note,timing_of_rpps_administration,,translation,""
fieldTranslations,enum,timing_of_rpps_administration,1,hash,"8442ec"
fieldTranslations,enum,timing_of_rpps_administration,1,translation,""
fieldTranslations,enum,timing_of_rpps_administration,2,hash,"807924"
fieldTranslations,enum,timing_of_rpps_administration,2,translation,""
fieldTranslations,enum,timing_of_rpps_administration,3,hash,"ea3dfd"
fieldTranslations,enum,timing_of_rpps_administration,3,translation,""
fieldTranslations,enum,timing_of_rpps_administration,9,hash,"fa623e"
fieldTranslations,enum,timing_of_rpps_administration,9,translation,""
fieldTranslations,label,sampling,,hash,"26b252"
fieldTranslations,label,sampling,,translation,""
fieldTranslations,enum,sampling,1,hash,"c0d1e8"
fieldTranslations,enum,sampling,1,translation,""
fieldTranslations,enum,sampling,2,hash,"dea5a1"
fieldTranslations,enum,sampling,2,translation,""
fieldTranslations,enum,sampling,3,hash,"67d3e9"
fieldTranslations,enum,sampling,3,translation,""
fieldTranslations,label,participant_email,,hash,"058c3d"
fieldTranslations,label,participant_email,,translation,""
fieldTranslations,note,participant_email,,hash,"592788"
fieldTranslations,note,participant_email,,translation,""
fieldTranslations,label,dob,,hash,"ede0ca"
fieldTranslations,label,dob,,translation,""
fieldTranslations,note,dob,,hash,"592788"
fieldTranslations,note,dob,,translation,""
fieldTranslations,label,phone_number,,hash,"ab25d6"
fieldTranslations,label,phone_number,,translation,""
fieldTranslations,note,phone_number,,hash,"592788"
fieldTranslations,note,phone_number,,translation,""
fieldTranslations,label,race,,hash,"3d51d8"
fieldTranslations,label,race,,translation,""
fieldTranslations,note,race,,hash,"6b8463"
fieldTranslations,note,race,,translation,""
fieldTranslations,enum,race,1,hash,"652670"
fieldTranslations,enum,race,1,translation,""
fieldTranslations,enum,race,2,hash,"7efb94"
fieldTranslations,enum,race,2,translation,""
fieldTranslations,enum,race,3,hash,"3627dd"
fieldTranslations,enum,race,3,translation,""
fieldTranslations,enum,race,4,hash,"279ed6"
fieldTranslations,enum,race,4,translation,""
fieldTranslations,enum,race,5,hash,"37619f"
fieldTranslations,enum,race,5,translation,""
fieldTranslations,enum,race,9,hash,"aa3c0c"
fieldTranslations,enum,race,9,translation,""
fieldTranslations,label,ethnicity,,hash,"eaef03"
fieldTranslations,label,ethnicity,,translation,""
fieldTranslations,note,ethnicity,,hash,"6b8463"
fieldTranslations,note,ethnicity,,translation,""
fieldTranslations,enum,ethnicity,1,hash,"1708d7"
fieldTranslations,enum,ethnicity,1,translation,""
fieldTranslations,enum,ethnicity,2,hash,"c0deb2"
fieldTranslations,enum,ethnicity,2,translation,""
fieldTranslations,enum,ethnicity,3,hash,"6d4f34"
fieldTranslations,enum,ethnicity,3,translation,""
fieldTranslations,enum,ethnicity,4,hash,"7fdc5b"
fieldTranslations,enum,ethnicity,4,translation,""
fieldTranslations,enum,ethnicity,5,hash,"1c2207"
fieldTranslations,enum,ethnicity,5,translation,""
fieldTranslations,enum,ethnicity,6,hash,"c0017f"
fieldTranslations,enum,ethnicity,6,translation,""
fieldTranslations,label,age,,hash,"3033b1"
fieldTranslations,label,age,,translation,""
fieldTranslations,note,age,,hash,"6b8463"
fieldTranslations,note,age,,translation,""
fieldTranslations,enum,age,1,hash,"531067"
fieldTranslations,enum,age,1,translation,""
fieldTranslations,enum,age,2,hash,"11573a"
fieldTranslations,enum,age,2,translation,""
fieldTranslations,enum,age,3,hash,"f243bc"
fieldTranslations,enum,age,3,translation,""
fieldTranslations,enum,age,4,hash,"5ca4f7"
fieldTranslations,enum,age,4,translation,""
fieldTranslations,enum,age,5,hash,"9e8697"
fieldTranslations,enum,age,5,translation,""
fieldTranslations,enum,age,6,hash,"048866"
fieldTranslations,enum,age,6,translation,""
fieldTranslations,label,sex,,hash,"ddc60a"
fieldTranslations,label,sex,,translation,""
fieldTranslations,note,sex,,hash,"6b8463"
fieldTranslations,note,sex,,translation,""
fieldTranslations,enum,sex,1,hash,"b7c17e"
fieldTranslations,enum,sex,1,translation,""
fieldTranslations,enum,sex,2,hash,"3f3a48"
fieldTranslations,enum,sex,2,translation,""
fieldTranslations,enum,sex,3,hash,"096d6a"
fieldTranslations,enum,sex,3,translation,""
fieldTranslations,label,gender_identity,,hash,"669686"
fieldTranslations,label,gender_identity,,translation,""
fieldTranslations,note,gender_identity,,hash,"6b8463"
fieldTranslations,note,gender_identity,,translation,""
fieldTranslations,enum,gender_identity,1,hash,"7eb401"
fieldTranslations,enum,gender_identity,1,translation,""
fieldTranslations,enum,gender_identity,2,hash,"5218b6"
fieldTranslations,enum,gender_identity,2,translation,""
fieldTranslations,enum,gender_identity,3,hash,"3ef115"
fieldTranslations,enum,gender_identity,3,translation,""
fieldTranslations,enum,gender_identity,4,hash,"0e4b20"
fieldTranslations,enum,gender_identity,4,translation,""
fieldTranslations,label,protocol_id,,hash,"af15c7"
fieldTranslations,label,protocol_id,,translation,""
fieldTranslations,note,protocol_id,,hash,"fdfc85"
fieldTranslations,note,protocol_id,,translation,""
fieldTranslations,label,surveyed_within_past_12_mo,,hash,"d3cee8"
fieldTranslations,label,surveyed_within_past_12_mo,,translation,""
fieldTranslations,note,surveyed_within_past_12_mo,,hash,"fdfc85"
fieldTranslations,note,surveyed_within_past_12_mo,,translation,""
fieldTranslations,header,participant_descriptors_complete,,hash,"c91e0b"
fieldTranslations,header,participant_descriptors_complete,,translation,""
fieldTranslations,label,participant_descriptors_complete,,hash,"fc84b4"
fieldTranslations,label,participant_descriptors_complete,,translation,""
fieldTranslations,enum,participant_descriptors_complete,0,hash,"387fd1"
fieldTranslations,enum,participant_descriptors_complete,0,translation,""
fieldTranslations,enum,participant_descriptors_complete,1,hash,"eb27a1"
fieldTranslations,enum,participant_descriptors_complete,1,translation,""
fieldTranslations,enum,participant_descriptors_complete,2,hash,"1f5a1a"
fieldTranslations,enum,participant_descriptors_complete,2,translation,""
fieldTranslations,label,protocol_id_copy,,hash,"bfcfd0"
fieldTranslations,label,protocol_id_copy,,translation,""
fieldTranslations,header,type,,hash,"84a067"
fieldTranslations,header,type,,translation,""
fieldTranslations,label,type,,hash,"41746d"
fieldTranslations,label,type,,translation,""
fieldTranslations,enum,type,1,hash,"2dab10"
fieldTranslations,enum,type,1,translation,""
fieldTranslations,enum,type,2,hash,"040c3c"
fieldTranslations,enum,type,2,translation,""
fieldTranslations,label,randomization,,hash,"6ea501"
fieldTranslations,label,randomization,,translation,""
fieldTranslations,label,please_add_up_to_10_resear,,hash,"861fe2"
fieldTranslations,label,please_add_up_to_10_resear,,translation,""
fieldTranslations,label,research_domain_1,,hash,"63a0c0"
fieldTranslations,label,research_domain_1,,translation,""
fieldTranslations,enum,research_domain_1,BIOPORTAL:MESH,hash,"6ddf50"
fieldTranslations,enum,research_domain_1,BIOPORTAL:MESH,translation,""
fieldTranslations,label,research_domain_2,,hash,"725672"
fieldTranslations,label,research_domain_2,,translation,""
fieldTranslations,enum,research_domain_2,BIOPORTAL:MESH,hash,"6ddf50"
fieldTranslations,enum,research_domain_2,BIOPORTAL:MESH,translation,""
fieldTranslations,label,research_domain_3,,hash,"2b8726"
fieldTranslations,label,research_domain_3,,translation,""
fieldTranslations,enum,research_domain_3,BIOPORTAL:MESH,hash,"6ddf50"
fieldTranslations,enum,research_domain_3,BIOPORTAL:MESH,translation,""
fieldTranslations,label,research_domain_4,,hash,"381fd2"
fieldTranslations,label,research_domain_4,,translation,""
fieldTranslations,enum,research_domain_4,BIOPORTAL:MESH,hash,"6ddf50"
fieldTranslations,enum,research_domain_4,BIOPORTAL:MESH,translation,""
fieldTranslations,label,research_domain_5,,hash,"fc4205"
fieldTranslations,label,research_domain_5,,translation,""
fieldTranslations,enum,research_domain_5,BIOPORTAL:MESH,hash,"6ddf50"
fieldTranslations,enum,research_domain_5,BIOPORTAL:MESH,translation,""
fieldTranslations,label,research_domain_6,,hash,"e2caeb"
fieldTranslations,label,research_domain_6,,translation,""
fieldTranslations,enum,research_domain_6,BIOPORTAL:MESH,hash,"6ddf50"
fieldTranslations,enum,research_domain_6,BIOPORTAL:MESH,translation,""
fieldTranslations,label,research_domain_7,,hash,"f7c8f1"
fieldTranslations,label,research_domain_7,,translation,""
fieldTranslations,enum,research_domain_7,BIOPORTAL:MESH,hash,"6ddf50"
fieldTranslations,enum,research_domain_7,BIOPORTAL:MESH,translation,""
fieldTranslations,label,research_domain_8,,hash,"683440"
fieldTranslations,label,research_domain_8,,translation,""
fieldTranslations,enum,research_domain_8,BIOPORTAL:MESH,hash,"6ddf50"
fieldTranslations,enum,research_domain_8,BIOPORTAL:MESH,translation,""
fieldTranslations,label,research_domain_9,,hash,"08abc4"
fieldTranslations,label,research_domain_9,,translation,""
fieldTranslations,enum,research_domain_9,BIOPORTAL:MESH,hash,"6ddf50"
fieldTranslations,enum,research_domain_9,BIOPORTAL:MESH,translation,""
fieldTranslations,label,research_domain_10,,hash,"3173e6"
fieldTranslations,label,research_domain_10,,translation,""
fieldTranslations,enum,research_domain_10,BIOPORTAL:MESH,hash,"6ddf50"
fieldTranslations,enum,research_domain_10,BIOPORTAL:MESH,translation,""
fieldTranslations,header,principal_investigator,,hash,"11c582"
fieldTranslations,header,principal_investigator,,translation,""
fieldTranslations,label,principal_investigator,,hash,"8e66e4"
fieldTranslations,label,principal_investigator,,translation,""
fieldTranslations,label,unit_lab_cru_dept,,hash,"1017af"
fieldTranslations,label,unit_lab_cru_dept,,translation,""
fieldTranslations,label,study_compensation,,hash,"eb86aa"
fieldTranslations,label,study_compensation,,translation,""
fieldTranslations,header,study_descriptors_complete,,hash,"c91e0b"
fieldTranslations,header,study_descriptors_complete,,translation,""
fieldTranslations,label,study_descriptors_complete,,hash,"fc84b4"
fieldTranslations,label,study_descriptors_complete,,translation,""
fieldTranslations,enum,study_descriptors_complete,0,hash,"387fd1"
fieldTranslations,enum,study_descriptors_complete,0,translation,""
fieldTranslations,enum,study_descriptors_complete,1,hash,"eb27a1"
fieldTranslations,enum,study_descriptors_complete,1,translation,""
fieldTranslations,enum,study_descriptors_complete,2,hash,"1f5a1a"
fieldTranslations,enum,study_descriptors_complete,2,translation,""
matrixTranslations,enum,reasons_join,1,hash,"025813"
matrixTranslations,enum,reasons_join,1,translation,"Muy importante"
matrixTranslations,enum,reasons_join,2,hash,"abd591"
matrixTranslations,enum,reasons_join,2,translation,"Un poco importante"
matrixTranslations,enum,reasons_join,3,hash,"fd03e7"
matrixTranslations,enum,reasons_join,3,translation,"No muy importante"
matrixTranslations,enum,reasons_join,4,hash,"ab7bd4"
matrixTranslations,enum,reasons_join,4,translation,"Nada importante"
matrixTranslations,enum,reasons_leave,1,hash,"025813"
matrixTranslations,enum,reasons_leave,1,translation,"Muy importante"
matrixTranslations,enum,reasons_leave,2,hash,"abd591"
matrixTranslations,enum,reasons_leave,2,translation,"Un poco importante"
matrixTranslations,enum,reasons_leave,3,hash,"fd03e7"
matrixTranslations,enum,reasons_leave,3,translation,"No muy importante"
matrixTranslations,enum,reasons_leave,4,hash,"ab7bd4"
matrixTranslations,enum,reasons_leave,4,translation,"Nada importante"
matrixTranslations,enum,reasons_stay,1,hash,"025813"
matrixTranslations,enum,reasons_stay,1,translation,"Muy importante"
matrixTranslations,enum,reasons_stay,2,hash,"abd591"
matrixTranslations,enum,reasons_stay,2,translation,"Un poco importante"
matrixTranslations,enum,reasons_stay,3,hash,"fd03e7"
matrixTranslations,enum,reasons_stay,3,translation,"No muy importante"
matrixTranslations,enum,reasons_stay,4,hash,"ab7bd4"
matrixTranslations,enum,reasons_stay,4,translation,"Nada importante"
surveyTranslations,active,research_participant_perception_survey_epv_version,,value,1
surveyTranslations,survey-title,research_participant_perception_survey_epv_version,,hash,"d8a5d7"
surveyTranslations,survey-title,research_participant_perception_survey_epv_version,,translation,"Empoderando la voz de los participantes"
surveyTranslations,survey-acknowledgement,research_participant_perception_survey_epv_version,,hash,"65a08f"
surveyTranslations,survey-acknowledgement,research_participant_perception_survey_epv_version,,translation,""
surveyTranslations,survey-logo_alt_text,research_participant_perception_survey_epv_version,,hash,"d8a5d7"
surveyTranslations,survey-logo_alt_text,research_participant_perception_survey_epv_version,,translation,""
surveyTranslations,survey-response_limit_custom_text,research_participant_perception_survey_epv_version,,hash,"0f7185"
surveyTranslations,survey-response_limit_custom_text,research_participant_perception_survey_epv_version,,translation,""
surveyTranslations,survey-text_to_speech,research_participant_perception_survey_epv_version,,hash,"b6589f"
surveyTranslations,survey-text_to_speech,research_participant_perception_survey_epv_version,,translation,""
surveyTranslations,survey-text_to_speech_language,research_participant_perception_survey_epv_version,,hash,"094b0f"
surveyTranslations,survey-text_to_speech_language,research_participant_perception_survey_epv_version,,translation,""